﻿<?xml version="1.0" encoding="utf-8"?>
<root maxid="13" desc="断路器档案">
  <inits>
    <init id="decid" desc="设备Id" type="request" arg="id"></init>
    <init id="area0" desc="地区后缀" type="config" arg="AreaSuffix"></init>
  </inits>
  <consts>
    <const id="mainHeight" desc="内容高度"></const>
    <const id="commendHeight" desc="推荐区高度"></const>
    <const id="paramsdata" desc="台帐参数" ></const>
    <const id="rundata" desc="台帐参数" ></const>
    <const id="daystart" desc="本日开始时间" type="time" arg="d"></const>
    <const id="dayend" desc="本日开始时间" type="time" arg="d,d,1"></const>
    <const id="type" desc="设备类型" arg="dlq" ></const>
  </consts>
  <datasources>
    <datasource id="ds0" desc="设备信息" db="PSGRAPH_DATA" type="simple">
      <sql>
        <![CDATA[
          select devicename,devicedesc,deptdesc as staname
          from tdevice{{1}} d
          left join tdepartment{{1}} t on d.ownerdepartidx=departidx where devicestrid='{0}' 
        ]]>
      </sql>
      <cols>
        <col id="col0" desc="设备id" name="devicestrid" from="decid"></col>
        <col id="colarea" desc="地区后缀" name="area0" from="area0"></col>
        <col id="col1" desc="设备名称" name="devicename"></col>
        <col id="col2" desc="设备名称" name="devicedesc"></col>
        <col id="col3" desc="变电站" name="staname"></col>
      </cols>
    </datasource>
    <datasource id="ds1" desc="设备台帐" db="DeviceParam" type="simple">
      <sql>
        <![CDATA[
        select s.stationdesc as stationname,k1.factory_name,
        k1.devmode_name,k2.zheduanrongliang,to_char(k1.chuchangriqi, 'yyyy-mm-dd') as chuchangriqi,
        k1.chuchangbianhao,to_char(k1.rundate, 'yyyy-mm-dd') as rundate,
        k2.xiangshu,k2.CAOZUOJIGOUXINGSHI 
        from dbdevice k1
        left join tbdevice_kaiguan k2 on k1.deviceidx=k2.deviceidx
        left join dbstation s on k1.stationidx=s.stationidx
        where k1.fullname='{0}'
        ]]>
      </sql>
      <cols>
        <col id="col10" desc="设备id" name="devicestrid" from="col1"></col>
        <col id="col11" desc="所属变电站" name="stationname"></col>
        <col id="col_fac" desc="生产厂家" name="factory_name"></col>
        <col id="col_model" desc="型号" name="devmode_name"></col>
        <col id="col16" desc="遮断容量" name="zheduanrongliang"></col>
        <col id="col18" desc="出厂日期" name="chuchangriqi"></col>
        <col id="col111" desc="出厂编号" name="chuchangbianhao"></col>
        <col id="col114" desc="投运日期" name="rundate"></col>
        <col id="col115" desc="相数" name="xiangshu"></col>
        <col id="col116" desc="机构原理" name="CAOZUOJIGOUXINGSHI "></col>        
      </cols>
    </datasource>
  <datasource id="ds2" desc="运行信息"  db="MONITORSIGNAL" type="simple">
      <sql>
        <![CDATA[
          SELECT LASTVALUE, LASTTIME, CASE WHEN A.MEASTYPE = 2001 THEN '有功' WHEN A.MEASTYPE = 2002 THEN '无功' ELSE '' END AS NAME, 0 AS RATEDVALUE
          FROM MONITORSIGNAL.TBYCFINIALVALUE A
          WHERE DEV_ID = {0}
        ]]>
      </sql>
      <cols>
        <col id="col20" desc="设备id" name="devicestrid" from="decid"></col>
        <col id="col_value" desc="值" name="LASTVALUE"></col>
        <col id="col_time" desc="取数时间" name="LASTTIME"></col>
        <col id="col_name" desc="名称" name="NAME"></col>
        <col id="col_rated" desc="额定值" name="RATEDVALUE"></col>
      </cols>
    </datasource>
  </datasources>
  <ctrls>
    <div id="div0" desc="根容器">
      <a class="divWrapper fsac" s_background="#30386a" s_width="100%" s_height="100%"></a>
      <c>
        <div id="divClick">
          <a s_display="none"></a>
          <c>
            <href id="hClick">
              <a ref="href"></a>
            </href>
          </c>
        </div>
        <div id="divMain">
          <a ref="divMain" s_background-color="#f3f5f7" s_width="calc(100% - 305px)" s_padding="0 8px" s_margin-right="5px" s_overflow-y="auto"></a>
          <sa s_height="mainHeight"></sa>
          <c>
            <subfile id="fileParameter" desc="设备参数">
              <a file="/App_Data/design/parameter_breaker"></a>
              <sa fullpath="col1" devicename="col2" paramslist="paramsdata"></sa>
            </subfile>

            <subfile id="fileCharts" desc="曲线图">
              <a file="/App_Data/design/charts_breaker" s_border-top="1px solid #cfd4df"></a>
              <sa subname="col1" devicename="col2" deviceid="decid" areasuffix="area0"></sa>
            </subfile>
            <subfile id="fileDefect" desc="设备缺陷">
              <a file="/App_Data/design/device_devdefect" s_border-top="1px solid #cfd4df"></a>
              <sa devicename="col2" deviceid="decid" staname="col3" type="type"></sa>
            </subfile>
            <subfile id="fileAlert" desc="告警历史">
              <a file="/App_Data/design/device_alerts" s_border-top="1px solid #cfd4df"></a>
              <sa fullpath="col1" devicename="col2" deviceid="decid" staname="col3" areasuffix="area0"></sa>
            </subfile>
           
            <subfile id="fileBreak" desc="跳闸记录">
              <a file="/App_Data/design/device_break" s_border-top="1px solid #cfd4df"></a>
              <sa fullpath="col1" devicename="col2" deviceid="decid" staname="col3" areasuffix="area0"></sa>
            </subfile>
            <subfile id="fileJianxiu" desc="检修记录">
              <a file="/App_Data/design/device_jianxiu" s_border-top="1px solid #cfd4df"></a>
              <sa fullpath="col1" devicename="col2" deviceid="decid" staname="col3" type="type"></sa>
            </subfile>
          
            <subfile id="fileXunshi" desc="巡视记录">
              <a file="/App_Data/design/device_xunshi" s_border-top="1px solid #cfd4df"></a>
              <sa fullpath="col1" devicename="col2" deviceid="decid" staname="col3" type="type"></sa>
            </subfile>
          </c>
        </div>
        <div id="divRight">
          <sa s_height="mainHeight"></sa>
          <a ref="divRight" s_width="300px"></a>
          <c>
            <div id="divQrcode">
            	<a s_width="100%" class="fcac" s_background="#f3f5f7" s_padding="15px 0" s_border="1px solid #d5d5d5"></a>
              <c>
                <subfile id="subfile11" desc="二维码">
                  <a file="/App_Data/design/device_qrcode"></a>
                </subfile>
              </c>
            </div>
            <div id="divCommend">
            	<a ref="divCommend" s_background-color="#f3f5f7" s_overflow="auto" s_padding="10px 15px" s_color="#787878"></a>
              <sa s_height="commendHeight"></sa>
              <c>
                <subfile id="fileModel" desc="同型号设备">
		              <a file="/App_Data/design/samemodel_breaker"></a>
		              <sa deviceid="decid" facname="col_fac" model="col_model" areasuffix="area0"></sa>
		            </subfile>
          </c>
        </div>
      </c>
    </div>
  </c>
    </div>
  </ctrls>
  <scripts>
    <script event="created">
      <list type="select" ds="ds0"></list>
      <list type="select" ds="ds1"></list>
      <list type="select" ds="ds2"></list>
      <list type="script">
        <value>
          <![CDATA[
          this.type ="dlq";
          var temp ="所属变电站,生产厂家,型号,遮断容量,出厂日期,出厂编号,投运日期,相数,机构原理".split(',');
          //var temp = "所属变电站,额定电压,断口数,生产厂家,额定电流,全开时间,型号,遮断容量,全开断时间,出厂日期,遮断电流,动稳容量,出厂编号,并联电阻值,热稳容量,投运日期,并联电阻预接时间,开断电流".split(',');
          var paramslist = [];
          for (var i = 0;i < temp.length;i++) {
            paramslist.push([temp[i],this.ds1.length == 0 ? "" : this.ds1[0][i]]);
          }
          this.paramsdata = paramslist;
          /*this.getRunItem = function(name) {
            var idx = this.col_name.indexOf(name);
            if (idx < 0)
              return ["","","",""];
            return this.ds2[idx];
          }
          this.getPowerFactor = function(p,q) {
            if (p == "" || q == "") return "";
            p = parseFloat(q);
            q = parseFloat(q);
            if ((p == 0)&&(q == 0)) return "";
            return (Math.abs(p)/Math.sqrt(p*p+q*q)).toFixed(2);
          }
          this.getRunData = function() {
          var rundata = [];
            var load = this.getRunItem("有功");
            var idle = this.getRunItem("无功");
            rundata.push(["刷新时间",load[1]]);
            rundata.push(["当前有功",load[0]]);
            rundata.push(["当前无功",idle[0]]);
            rundata.push(["功率因数",this.getPowerFactor(load[0],idle[0])]);
            
          this.rundata = rundata;
          }
          this.getRunData();*/
          
          var vm = this;
          window.flyTo = function(s) {
            var link = vm.$refs.href;
            link.href = s;
            $(vm.$refs.divMain).scrollTop(0);
            $(vm.$refs.divMain).scrollTop($(s).parent().parent().offset().top);
          }
          ]]>
        </value>
      </list>
    </script>
    <script event="mounted">
      <list type="script">
        <value>
          <![CDATA[
          var h = Math.max(document.documentElement.clientHeight, 768);
          this.mainHeight = h + "px";
          this.commendHeight = (h - 132) + "px";
          ]]>
        </value>
      </list>
    </script>
  </scripts>
</root>