﻿<?xml version="1.0" encoding="utf-8"?>
<root maxid="13" desc="变压器档案">
  <inits>
    <init id="decid" desc="设备Id" type="request" arg="id"></init>
    <init id="area0" desc="地区后缀" type="config" arg="AreaSuffix"></init>
  </inits>
  <consts>
    <const id="mainHeight" desc="内容高度"></const>
    <const id="commendHeight" desc="推荐区高度"></const>
    <const id="paramsdata" desc="台帐参数"></const>
    <const id="rundata" desc="台帐参数"></const>
    <const id="daystart" desc="本日开始时间" type="time" arg="d"></const>
    <const id="dayend" desc="本日开始时间" type="time" arg="d,d,1"></const>
  </consts>
  <datasources>
    <datasource id="ds0" desc="设备信息" db="PSGRAPH_DATA" type="simple">
      <sql>
        <![CDATA[
          select d.devicename,d.devicedesc,t.deptdesc as staname,ISNULL(s.devicename,d.devicename) as subname
          from tdevice{{1}} d
          left join tdepartment{{1}} t on d.ownerdepartidx=departidx 
          left join TCOMBINEDEVICE{{1}} r on d.deviceidx=r.deviceidx and r.partidx=1
          left join tdevice{{1}} s on r.partdeviceidx=s.deviceidx
          where d.devicestrid='{0}' 
        ]]>
      </sql>
      <cols>
        <col id="col0" desc="设备id" name="devicestrid" from="decid"></col>
        <col id="colarea" desc="地区后缀" name="area0" from="area0"></col>
        <col id="col1" desc="设备名称" name="devicename"></col>
        <col id="col2" desc="设备名称" name="devicedesc"></col>
        <col id="col3" desc="变电站" name="staname"></col>
        <col id="col4" desc="绕组名称" name="subname"></col>
      </cols>
    </datasource>
    <datasource id="ds1" desc="设备台帐" db="DeviceParam" type="simple">
      <sql>
        <![CDATA[
          select s.stationdesc as stationname,v.voltagedesc as voltagename,k2.bianyaqileixing,'投运' devicestate,k1.factory_name,
          CASE WHEN k2.lengquefangshi='1' THEN '自然冷却/油浸自冷(ONAN)' WHEN k2.lengquefangshi='2' OR k2.lengquefangshi='自然油循环风冷(ONAF)' THEN '自然油循环风冷(ONAF)'
          WHEN k2.lengquefangshi='3' THEN '强迫油循环风冷(OFAF)' WHEN k2.lengquefangshi='4' THEN '强迫油循环水冷(OFWF)'
          WHEN k2.lengquefangshi='5' THEN '强迫油循环导向风冷(ODAF)' WHEN k2.lengquefangshi='6' THEN '强迫油循环导向水冷(ODWF)'
          WHEN k2.lengquefangshi='7' THEN '强迫气循环导向风冷(ODAF)' WHEN k2.lengquefangshi='8' THEN '自然空气冷却(AN)'
          WHEN k2.lengquefangshi='9' THEN '强迫空气冷却(AF)' WHEN k2.lengquefangshi='10' THEN '双水内冷' END AS lengquefangshi,
          case when k2.tiaoyafangshi = 1 then '有载调压' when k2.tiaoyafangshi = 2 then '无载调压' else '' end as tiaoyafangshi,to_char(k1.chuchangriqi,'yyyy-mm-dd') as chuchangriqi,
          k1.devmode_name,k2.xiangshu,k2.rzjxzb,k1.chuchangbianhao,k2.jueyuanjiezhi,
          k2.zhoubo,'无' as ljzbh,to_char(k1.rundate, 'yyyy-mm-dd') as rundate,k2.jynrdj,k2.juanshu,k2.raozuxingshi,k2.eddlzy,k2.wufengrongliang,
          k2.gyceddy,k2.gycct,k2.eddldy,k2.wufengdianliu,zyceddy,'无' as zyft,
          k2.kongzaisunhao,k1.rundept,
          dyceddy,k2.dycct,k2.kongzaidianliu,
          k1.WEIHUBANZU as whbz,k1.dispatchDept,k1.zichanbianhao
          from dbdevice k1
          left join tbdevice_bianyaqi k2 on k1.deviceidx=k2.deviceidx
          left join dbstation s on k1.stationidx=s.stationidx
          left join dbvoltage v on k1.voltageidx=v.voltageidx
          where k1.fullname='{0}'
        ]]>
      </sql>
      <cols>
        <col id="col10" desc="设备id" name="devicestrid" from="col1"></col>
        <col id="col12" desc="变电站名称" name="stationname"></col>
        <col id="col13" desc="电压等级" name="voltagename"></col>
        <col id="col14" desc="种类" name="bianyaqileixing"></col>
        <col id="col15" desc="设备状态" name="devicestate"></col>
        <col id="col_fac" desc="制造厂家" name="factory_name"></col>
        <col id="col17" desc="冷却方式" name="lengquefangshi"></col>
        <col id="col18" desc="调压方式" name="tiaoyafangshi"></col>
        <col id="col19" desc="出厂日期" name="chuchangriqi"></col>
        <col id="col_model" desc="型号" name="devmode_name"></col>
        <col id="col111" desc="相数" name="xiangshu"></col>
        <col id="col112" desc="接线组别" name="rzjxzb"></col>
        <col id="col113" desc="出厂编号" name="chuchangbianhao"></col>
        <col id="col114" desc="绝缘介质" name="jueyuanjiezhi"></col>
        <col id="col115" desc="周波" name="zhoubo"></col>
        <col id="col116" desc="联接组编号" name="ljzbh"></col>
        <col id="col117" desc="投运日期" name="rundate"></col>
        <col id="col118" desc="绝缘耐热等级" name="jynrdj"></col>
        <col id="col119" desc="卷数" name="juanshu"></col>
        <col id="col1110" desc="型式" name="raozuxingshi"></col>
  
        <col id="col1112" desc="额定电流中压侧" name="eddlzy"></col>
        <col id="col1113" desc="无风容量" name="wufengrongliang"></col>
        <col id="col1120" desc="额定电压高压侧" name="gyceddy"></col>
        <col id="col1121" desc="高压分头" name="gycct"></col>
        <col id="col1116" desc="额定电流低压侧" name="eddldy"></col>
        <col id="col1117" desc="无风电流" name="wufengdianliu"></col>
        <col id="col1124" desc="额定电压中压侧" name="zyceddy"></col>
        <col id="col1125" desc="中压分头" name="zyft"></col>
        <col id="col1114" desc="空载损耗" name="kongzaisunhao"></col>
        <col id="col1132" desc="运维单位" name="rundept"></col>
        <col id="col1128" desc="额定电压低压侧" name="dyceddy"></col>
        <col id="col1129" desc="低压分头" name="dycct"></col>        
        <col id="col1118" desc="空载电流" name="kongzaidianliu"></col>
        <col id="col1133" desc="维护班组" name="whbz"></col>
        <col id="col1134" desc="调度单位" name="dispatchdept"></col>
        <col id="col1135" desc="资产编号" name="zichanbianhao"></col>
      </cols>
    </datasource>
    <datasource id="ds2" desc="运行信息"  db="MONITORSIGNAL" type="simple">
      <sql>
        <![CDATA[
          SELECT LASTVALUE, LASTTIME, CASE WHEN A.MEASTYPE = 2001 THEN '有功' WHEN A.MEASTYPE = 1002 THEN '油温1' ELSE '' END AS NAME, EDINGRONGLIANG AS RATEDVALUE,
          CASE WHEN (LASTVALUE/EDINGRONGLIANG)>1 THEN '过载' WHEN (LASTVALUE/EDINGRONGLIANG)>=0.8 AND (LASTVALUE/EDINGRONGLIANG)<=1 THEN '重载' ELSE '正常' END AS ZGZ
          FROM MONITORSIGNAL.TBYCFINIALVALUE A
          JOIN PSGRAPH_DATA.TDEVICE{{1}} D1 ON A.DEV_ID = D1.DEVICESTRID
          JOIN PSGRAPH_DATA.TCOMBINEDEVICE{{1}} R ON D1.DEVICEIDX = R.PARTDEVICEIDX AND R.PARTIDX = 1
          JOIN PSGRAPH_DATA.TDEVICE{{1}} D2 ON R.DEVICEIDX = D2.DEVICEIDX
          JOIN DEVICEPARAMSXXC.DBDEVICE B ON D2.DEVICENAME = B.DEVICENAME
          JOIN DEVICEPARAMSXXC.TBDEVICE_BIANYAQI B1 ON B.DEVICEIDX = B1.DEVICEIDX
          WHERE D2.DEVICESTRID={0}
        ]]>
      </sql>
      <cols>
        <col id="col20" desc="设备id" name="devicestrid" from="decid"></col>
        <col id="colarea" desc="地区后缀" name="area0" from="area0"></col>
        <col id="col_value" desc="值" name="lastvalue"></col>
        <col id="col_time" desc="取数时间" name="lasttime"></col>
        <col id="col_name" desc="名称" name="name"></col>
        <col id="col_rated" desc="额定值" name="ratedvalue"></col>
        <col id="col_zgz" desc="重过载" name="zgzvalue"></col>
      </cols>
    </datasource>
    <datasource id="ds3" desc="调档统计" db="MONITORSIGNAL" type="simple">
      <sql>
        <![CDATA[
          SELECT SUM(c) AS td FROM (
          select count(1) as c,1 as t
          from "MONITORSIGNAL"."TBOPCTRLINFO" o
          LEFT JOIN psgraph_data.tdevice{{5}} d1 ON o.dev_name=d1.devicestrid
          LEFT JOIN "PSGRAPH_DATA".TCOMBINEDEVICE{{5}} r on d1.deviceidx=r.partdeviceidx
          LEFT JOIN psgraph_data.tdevice{{5}} d2 ON r.deviceidx=d2.deviceidx
          where ctrl_type like '%调档%' AND d2.devicestrid={0} AND OCCUR_TIME>={1} AND OCCUR_TIME<{2}
          UNION
          select count(1),2
          from "MONITORSIGNAL"."TBAVCCONTROL" 
          WHERE STATION_NAME='{3}' AND SCHEID LIKE '%高_分头%' AND SCHEID LIKE '%{4}%' AND RUN_TIME>={1} AND RUN_TIME<{2}
          ) A
        ]]>
      </sql>
      <cols>
        <col id="col30" desc="设备id" name="deciid" from="decid"></col>
        <col id="col31" desc="开始时间" name="starttime" from="daystart"></col>
        <col id="col32" desc="结束时间" name="endtime" from="dayend"></col>
        <col id="col33" desc="变电站名称" name="stationname" from="col3"></col>
        <col id="col34" desc="设备名称" name="devicename" from="col2"></col>
        <col id="colarea" desc="地区后缀" name="area0" from="area0"></col>
        <col id="col35" desc="调档次数" name="td"></col>
      </cols>
    </datasource>    
  </datasources>
  <ctrls>
    <div id="div0" desc="根容器">
      <a class="divWrapper fsac" s_background="#30386a" s_width="100%" s_height="100%"></a>
      <c>
        <div id="divClick">
          <a s_display="none"></a>
          <c>
            <href id="hClick">
              <a ref="href"></a>
            </href>
          </c>
        </div>
        <div id="divMain">
          <a ref="divMain" s_background-color="#f3f5f7" s_width="calc(100% - 305px)" s_padding="0 8px" s_margin-right="5px" s_overflow-y="auto"></a>
          <sa s_height="mainHeight"></sa>
          <c>
            <subfile id="fileParameter" desc="设备参数">
              <a file="/App_Data/design/parameter_trans"></a>
              <sa fullpath="col1" devicename="col2" paramslist="paramsdata"></sa>
            </subfile>
  
            <subfile id="fileCharts" desc="曲线图">
              <a file="/App_Data/design/charts_trans" s_border-top="1px solid #cfd4df"></a>
              <sa subname="col4" deviceid="decid" staname="col3" devicename="col2"></sa>
            </subfile>
            <subfile id="fileDefect" desc="设备缺陷">
              <a file="/App_Data/design/device_devdefect" s_border-top="2px solid #cfd4df"></a>
              <sa devicename="col2" deviceid="decid" staname="col3"></sa>
            </subfile>
            
            <subfile id="fileAlert" desc="告警历史">
              <a file="/App_Data/design/device_alerts" s_border-top="1px solid #cfd4df"></a>
              <sa fullpath="col1" devicename="col2" deviceid="decid" staname="col3" areasuffix="area0"></sa>
            </subfile>
            <subfile id="fileOver" desc="越限历史">
              <a file="/App_Data/design/device_overlimit" s_border-top="1px solid #cfd4df"></a>
              <sa fullpath="col1" devicename="col2" deviceid="decid" staname="col3"></sa>
            </subfile>
            <subfile id="fileBreak" desc="跳闸记录">
              <a file="/App_Data/design/device_break" s_border-top="1px solid #cfd4df"></a>
              <sa fullpath="col1" devicename="col2" deviceid="decid" staname="col3" areasuffix="area0"></sa>
            </subfile>
            <subfile id="fileJianxiu" desc="检修记录">
              <a file="/App_Data/design/device_jianxiu" s_border-top="1px solid #cfd4df"></a>
              <sa fullpath="col1" devicename="col2" deviceid="decid" staname="col3"></sa>
            </subfile>
            <subfile id="fileJiance" desc="在线监测">
              <a file="/App_Data/design/device_jiance" s_border-top="1px solid #cfd4df"></a>
              <sa fullpath="col1" devicename="col2" deviceid="decid" staname="col3"></sa>
            </subfile>
            <subfile id="fileGongkuang" desc="不良工况">
              <a file="/App_Data/design/device_gongkuang" s_border-top="1px solid #cfd4df"></a>
              <sa fullpath="col1" devicename="col2" deviceid="decid" staname="col3"></sa>
            </subfile>
            <subfile id="fileXunshi" desc="巡视记录">
              <a file="/App_Data/design/device_xunshi" s_border-top="1px solid #cfd4df"></a>
              <sa fullpath="col1" devicename="col2" deviceid="decid" staname="col3"></sa>
            </subfile>
          </c>
        </div>
        <div id="divRight">
          <sa s_height="mainHeight"></sa>
          <a ref="divRight" s_width="300px"></a>
          <c>
            <div id="divQrcode">
              <a s_width="100%" class="fcac" s_background="#f3f5f7" s_padding="15px 0" s_border="1px solid #d5d5d5"></a>
              <c>
                <subfile id="subfile11" desc="二维码">
                  <a file="/App_Data/design/device_qrcode"></a>
                </subfile>
              </c>
            </div>
            <div id="divCommend">
              <a ref="divCommend" s_background-color="#f3f5f7" s_overflow="auto" s_padding="10px 15px" s_color="#787878"></a>
              <sa s_height="commendHeight"></sa>
              <c>
                <subfile id="fileModel" desc="同型号设备">
                  <a file="/App_Data/design/samemodel_trans"></a>
                  <sa deviceid="decid" facname="col_fac" model="col_model" areasuffix="area0"></sa>
                </subfile>
              </c>
            </div>
          </c>
        </div>
      </c>
    </div>
  </ctrls>
  <scripts>
    <script event="created">
      <list type="select" ds="ds0"></list>
      <list type="select" ds="ds1"></list>
      <list type="select" ds="ds2"></list>
      <list type="select" ds="ds3"></list>
      <list type="script">
        <value>
          <![CDATA[          
          //var temp = "变电站名称,电压等级,种类,设备状态,制造厂家,冷却方式,调压方式,出厂日期,型号,相数,接线组别,出厂编号,绝缘介质,周波,联接组编号,投运日期,绝缘耐热等级,卷数,型式,额定容量高压侧,额定电流中压侧,无风容量,空载损耗,额定容量中压侧,额定电流低压侧,无风电流,空载电流,额定容量低压侧,额定电压高压侧,高压分头,短路电压高中,短路损耗高中,额定电压中压侧,中压分头,短路电压中低,短路损耗中低,额定电压低压侧,低压分头,短路电压高低,短路损耗高低,运维单位,维护班组,调度单位,资产编号".split(',');
          var temp = "变电站名称,电压等级,种类,设备状态,制造厂家,冷却方式,调压方式,出厂日期,型号,相数,接线组别,出厂编号,绝缘介质,周波,联接组编号,投运日期,绝缘耐热等级,卷数,型式,额定电流中压侧,无风容量,额定电压高压侧,高压分头,额定电流低压侧,无风电流,额定电压中压侧,中压分头,空载损耗,运维单位,额定电压低压侧,低压分头,空载电流,维护班组,调度单位,资产编号".split(',');
          var paramslist = [];
          for (var i = 0;i < temp.length;i++) {
            paramslist.push([temp[i],this.ds1.length == 0 ? "" : this.ds1[0][i]]);
          }
          this.paramsdata = paramslist;
          this.getRunItem = function(name) {
            var idx = this.col_name.indexOf(name);
            if (idx < 0)
              return ["","","",""];
            return this.ds2[idx];
          }
          this.getLoadRate = function(l,r) {
            if (r == "" || r == "0") return "";
            if (l === "") return "";
            return (parseFloat(l) / parseFloat(r)).toFixed(2) * 100 + "%";
          }
          this.getRunData = function() {
            var temp = "刷新时间,当前有功,负载率,今日调整\r\n档位次数,今日投切\r\n电容器次数,今日投切\r\n电抗器次数,当前油温,重过载情况,日重载\r\n小时数,日过载\r\n小时数".split(',');
            //var temp = "当日最大\r\n负载率,发生时间,油温,有功,日重载次数,日重载\r\n小时数,日过载次数,日过载\r\n小时数,日过载\r\n小时数".split(',');
            var rundata = [];
            /*for (var i = 0;i < temp.length;i++) {
              rundata.push([temp[i],temp[i]]);
            }*/
            var load = this.getRunItem("有功");
            rundata.push(["刷新时间",load[1]]);
            rundata.push(["当前有功",load[0]]);
            rundata.push(["负载率",this.getLoadRate(load[0],load[3])]);
            rundata.push(["今日调整档位次数",this.pureValue(this.ds3)]);
            rundata.push(["今日投切电容器次数",""]);
            rundata.push(["今日投切电抗器次数",""]);
            var oil = this.getRunItem("油温1");
            rundata.push(["当前油温",oil[0]]);
            rundata.push(["重过载情况",load[4]]);
            rundata.push(["日重载小时数",""]);
            rundata.push(["日过载小时数",""]);
            
            this.rundata = rundata;
          }
          this.getRunData();
          
          var vm = this;
          window.flyTo = function(s) {
            var link = vm.$refs.href;
            link.href = s;
            $(vm.$refs.divMain).scrollTop(0);
            $(vm.$refs.divMain).scrollTop($(s).parent().parent().offset().top);
            switch(s)
            {
              case "#aRun":
                vm.$refs.divCommend.innerHTML = "<span style='display:block;font-size:16px;color:#282828;padding-bottom:10px;'>更多运行信息</span>昨日负荷最大值：48.12<br />出现时间：10:45:10<br />昨日负荷最小值：48.12<br />出现时间：01:55:15<br />昨日油温最大值：<br />"
                  + "<span style='padding-bottom:5px;display:block;'>出现时间：11:01:33</span>昨日平均负载率：49.5<br />本周平均负载率：51.3<br /><span style='padding-bottom:5px;display:block;'>上周平均负载率：50.5</span>本月平均负载率：46.1<br /><span style='padding-bottom:5px;display:block;'>上月平均负载率：44.9</span>本年平均负载率：47.2"
                  + "<br /><span style='padding-bottom:5px;display:block;'>去年平均负载率：45.9</span>本年度利用小时数：2580<br />本年度利用率：29.37<br />去年利用小时数：2944<br />去年利用率：33.61";
                break;
              case "#aCurve":
                vm.$refs.divCommend.innerHTML = "<span style='display:block;font-size:16px;color:#282828;padding-bottom:10px;'>负荷相关信息</span>天气情况：晴<br />温度范围：10～25<br />风力：三级<br />风向：东南<br />降水概率："
                  + "10%";
                break;
              case "#aTdjl":
                vm.$refs.divCommend.innerHTML = "<span style='display:block;font-size:16px;color:#282828;padding-bottom:10px;'>更多调档信息</span>并列运行主变：2#主变<br />母联开关状态：合位<br />并列运行主变档位：4档<br />";
                break;
              case "#aAlert":
                vm.$refs.divCommend.innerHTML = "<span style='display:block;font-size:16px;color:#282828;padding-bottom:10px;'>更多告警信息</span>信号是否频发：否<br />发生时间：10:45:10<br />复归时间：11:55:15<br />";
                break;
              case "#aBreak":
                vm.$refs.divCommend.innerHTML = "<span style='display:block;font-size:16px;color:#282828;padding-bottom:10px;'>保护动作情况</span>重合闸情况：否<br />保护动作时间：0.2s<br />保护类型：差动保护<br />";
                break;
              case "#aJianxiu":
                vm.$refs.divCommend.innerHTML = "<span style='display:block;font-size:16px;color:#282828;padding-bottom:10px;'>备品备件</span>设备类型：主变压器<br />电压等级：220kV<br />定额数量：1<br />库存数量：0<br />备注：无<br />"
                  + "<span style='display:block;font-size:16px;color:#282828;padding:10px 0;'>投标价格</span>大场变站2#主变<br />合肥ABB   SFSZ-150000/220<br />投标价格 2.45万<span style='display:block;font-size:16px;color:#282828;padding:10px 0;'>同类型其他厂家变压器</span>";
                break;
            }
          }
          ]]>
        </value>
      </list>
    </script>
    <script event="mounted">
      <list type="script">
        <value>
          <![CDATA[
          var h = Math.max(document.documentElement.clientHeight, 768);
          this.mainHeight = h + "px";
          this.commendHeight = (h - 132) + "px";
          ]]>
        </value>
      </list>
    </script>
  </scripts>
</root>