﻿<?xml version="1.0" encoding="utf-8"?>
<root maxid="141" desc="变压器负载">
  <inits>
    <init id="c3" desc="绕组设备名称" type="request" arg="subname"></init>
    <init id="decid" desc="设备Id" type="request" arg="deviceid"></init>
    <init id="area0" desc="地区后缀" type="config" arg="AreaSuffix"></init>
    <init id="init2" desc="设备名称" type="request" arg="devicename"></init>
    <init id="init3" desc="变电站" type="request" arg="staname"></init>
  </inits>
  <consts>
    <const id="t0" desc="默认日期" arg="d,d,0" type="time"></const>
    <const id="t1" desc="开始时间" type="string"></const>
    <const id="t2" desc="结束时间" type="string"></const>
    <const id="t3" desc="结束时间3" type="string"></const>
    <const id="hour" desc="小时" type="string"></const>
    <const id="time" desc="时间" type="string"></const>
    <const id="const10" desc="信息名称" type="string[]"></const>
    <const id="const11" desc="信息值" type="string[]"></const>
  </consts>
  <datasources>
    <datasource id="ds2" desc="运行信息"  db="MONITORSIGNAL" type="simple">
      <sql>
        <![CDATA[
          SELECT LASTVALUE, LASTTIME, CASE WHEN A.MEASTYPE = 2001 THEN '有功' WHEN A.MEASTYPE = 1002 THEN '油温1' ELSE '' END AS NAME, EDINGRONGLIANG AS RATEDVALUE,
          CASE WHEN (LASTVALUE/EDINGRONGLIANG)>1 THEN '过载' WHEN (LASTVALUE/EDINGRONGLIANG)>=0.8 AND (LASTVALUE/EDINGRONGLIANG)<=1 THEN '重载' ELSE '正常' END AS ZGZ
          FROM MONITORSIGNAL.TBYCFINIALVALUE A
          JOIN PSGRAPH_DATA.TDEVICE{{1}} D1 ON A.DEV_ID = D1.DEVICESTRID
          JOIN PSGRAPH_DATA.TCOMBINEDEVICE{{1}} R ON D1.DEVICEIDX = R.PARTDEVICEIDX AND R.PARTIDX = 1
          JOIN PSGRAPH_DATA.TDEVICE{{1}} D2 ON R.DEVICEIDX = D2.DEVICEIDX
          JOIN DEVICEPARAMSXXC.DBDEVICE B ON D2.DEVICENAME = B.DEVICENAME
          JOIN DEVICEPARAMSXXC.TBDEVICE_BIANYAQI B1 ON B.DEVICEIDX = B1.DEVICEIDX
          WHERE D2.DEVICESTRID={0}
        ]]>
      </sql>
      <cols>
        <col id="col20" desc="设备id" name="devicestrid" from="decid"></col>
        <col id="colarea" desc="地区后缀" name="area0" from="area0"></col>
        <col id="col_value" desc="值" name="lastvalue"></col>
        <col id="col_time" desc="取数时间" name="lasttime"></col>
        <col id="col_name" desc="名称" name="name"></col>
        <col id="col_rated" desc="额定值" name="ratedvalue"></col>
        <col id="col_zgz" desc="重过载" name="zgzvalue"></col>
      </cols>
    </datasource>
    <datasource id="ds_valuechart" desc="有功曲线" db="MONITORSIGNAL" type="simple">
      <sql>
        <![CDATA[
        select a.datatime,a.ACTIVEVALUE as val1,b.ACTIVEVALUE as val2 from (
          SELECT A1.RN AS datatime,A2.ACTIVEVALUE FROM
          (SELECT TO_NUMBER(ROWNUM-1) AS RN FROM DUAL CONNECT BY ROWNUM<25)A1
          LEFT JOIN
          (SELECT B1.RN,DECODE(B2.ACTIVEVALUE,NULL,0,B2.ACTIVEVALUE) AS ACTIVEVALUE FROM
          (SELECT TO_NUMBER(ROWNUM-1) AS RN FROM DUAL CONNECT BY ROWNUM<{3}+2)B1
          LEFT JOIN
          (select TO_NUMBER(to_char(DATATIME,'hh24')) as datatime, round(CURVALUE,1) as ACTIVEVALUE from "MONITORSIGNAL"."TBYCDATA" 
          where DATATIME between {0} and {1}
          and devicename = {2} and meastype = 2001)B2 ON B1.RN=B2.datatime)A2 ON A1.RN=A2.RN
        ) a join         
        (        
          SELECT A1.RN AS datatime,A2.ACTIVEVALUE FROM
          (SELECT TO_NUMBER(ROWNUM-1) AS RN FROM DUAL CONNECT BY ROWNUM<25)A1
          LEFT JOIN
          (SELECT B1.RN,DECODE(B2.ACTIVEVALUE,NULL,0,B2.ACTIVEVALUE) AS ACTIVEVALUE FROM
          (SELECT TO_NUMBER(ROWNUM-1) AS RN FROM DUAL CONNECT BY ROWNUM<{3}+2)B1
          LEFT JOIN
          (select TO_NUMBER(to_char(DATATIME,'hh24')) as datatime, round(CURVALUE,1) as ACTIVEVALUE from "MONITORSIGNAL"."TBYCDATA" 
          where DATATIME between {0} and {1}
          and devicename = {2} and meastype = 2001)B2 ON B1.RN=B2.datatime)A2 ON A1.RN=A2.RN
        ) b on a.datatime=b.datatime order by a.datatime
        ]]>
      </sql>
      <cols>
        <col id="col_starttime" desc="starttime" name="starttime" from="t1"></col>
        <col id="col_endtime" desc="endtime" name="endtime" from="t3"></col>
        <col id="col_devicename" desc="devicename" name="devicename" from="c3"></col>
        <col id="col_hour" desc="hour" name="hour" from="hour"></col>
        <col id="col_valuechart_datatime" desc="时间" name="datatime"></col>
        <col id="col_valuechart_datavalue1" desc="值1" name="val1"></col>
        <col id="col_valuechart_datavalue2" desc="值2" name="val2"></col>
      </cols>
    </datasource>
    <datasource id="ds_loadratechart" desc="负载率柱状图" db="MONITORSIGNAL" type="simple">
      <sql>
        <![CDATA[
        select TO_NUMBER(to_char(DATATIME,'hh24')) as datatime, case when RATEDVALUE is null then 0 else round(to_number(DEVICECURRENT)/RATEDVALUE,2)*100 end as val
        from "MONITORSIGNAL"."TBTRANSFORMERDAYPOINT" a
        left join (select distinct DEVICENAME,YC_ID from "MONITORSIGNAL"."TBYCOVEREVENT" where MEASTYPE like '%电流值%') b on a.DEVICENAME=b.DEVICENAME
        left join "MONITORSIGNAL"."B_YCLIMIT" c on b.YC_ID=c.YC_ID
        where DATATIME between {0} and {1} and a.DEVICENAME={2}
        order by DATATIME
        ]]>
      </sql>
      <cols>
        <col id="col_starttime" desc="starttime" name="starttime" from="t1"></col>
        <col id="col_endtime" desc="endtime" name="endtime" from="t2"></col>
        <col id="col_devicename" desc="devicename" name="devicename" from="c3"></col>
        <col id="col_loadratechart_datatime" desc="时间" name="datatime"></col>
        <col id="col_loadratechart_datavalue" desc="值" name="val"></col>
      </cols>
    </datasource>
    <datasource id="ds_temperaturechart" desc="温度曲线" db="MONITORSIGNAL" type="simple">
      <sql>
        <![CDATA[
        select a.datatime,round(a.temp,1) as val1,b.temp as val2 from (
          select TO_NUMBER(to_char(DATATIME,'hh24')) as datatime, temp || '' AS TEMP from "MONITORSIGNAL"."TBTRANSFORMERDAYPOINT" 
          where DATATIME between {0} and {1} and DEVICENAME={2}
          and ISFORECAST=0
          union all
          select TO_NUMBER(to_char(DATATIME,'hh24')) as datatime, '-' from "MONITORSIGNAL"."TBTRANSFORMERDAYPOINT" 
          where DATATIME between {0} and {1} and DEVICENAME={2}
          and ISFORECAST=1
        ) a join         
        (     
          select TO_NUMBER(To_char(DATATIME,'hh24')) as datatime, temp from "MONITORSIGNAL"."TBTRANSFORMERDAYPOINT" 
          where DATATIME between {0} and {1} and DEVICENAME={2}
        ) b on a.datatime=b.datatime order by a.datatime
        ]]>
      </sql>
      <cols>
        <col id="col_starttime" desc="starttime" name="starttime" from="t1"></col>
        <col id="col_endtime" desc="endtime" name="endtime" from="t2"></col>
        <col id="col_devicename" desc="devicename" name="devicename" from="c3"></col>
        <col id="col_temperaturechart_datatime" desc="时间" name="datatime"></col>
        <col id="col_temperaturechart_datavalue1" desc="值1" name="val1"></col>
        <col id="col_temperaturechart_datavalue2" desc="值2" name="val2"></col>
      </cols>
    </datasource>
    <datasource id="ds_elecval" desc="电量曲线" db="MONITORSIGNAL" type="simple">
      <sql>
        <![CDATA[
        select DATATIME as datatime,round(ABS(POWERVALUE)*0.25,1) val1 from "MONITORSIGNAL"."TBTRANSFORMER15POINT" where DATATIME>={0} and DATATIME<={1} and DEVICENAME={2} order by DATATIME
        ]]>
      </sql>
      <cols>
        <col id="col_starttime" desc="starttime" name="starttime" from="t1"></col>
        <col id="col_endtime" desc="endtime" name="endtime" from="t2"></col>
        <col id="col_devicename" desc="devicename" name="devicename" from="c3"></col>
        <col id="col_elecval_datatime" desc="时间" name="datatime"></col>
        <col id="col_elecval_datavalue1" desc="值1" name="val1"></col>
      </cols>
    </datasource>
  </datasources>
  <ctrls>
    <div id="div0" desc="根容器">
      <a class="divBox"></a>
      <c>
        <div id="div4" desc="容器">
          <a class="divBoxTitleWrapper"></a>
          <c>
            <label id="label8" desc="文字" from="devicename">
            	<a class="divBoxTitle"></a>
            </label>
            <label id="label9" desc="文字">
              <a class='divBoxTitle' id="aRun" value="设备运行信息"></a>
            </label>
          </c>
        </div>
        <div id="div21" desc="容器">
          <a class="feac mb10"></a>
          <c>           
            <time id="time27" desc="时间" from="t1">
              <a disstyle="111000" dtstyle="1"></a>
            </time>
            <button id="button28" desc="默认按钮">
              <a type="button" value="搜索" class="tPdpSeaBtn ml10"></a>
              <e>
                <onclick>
                 <list type="script">
                    <value>
                      <![CDATA[
                           // this.t1 = "TO_DATE ('"+ Ysh.Time.formatString(Ysh.Time.toString(this.t0, true, false), 111000) + " 00:00:00" +"','yyyy-mm-dd hh24:mi:ss')";
                           // this.t2 = "TO_DATE ('"+ Ysh.Time.formatString(Ysh.Time.toString(this.t0, true, false), 111000) + " 23:59:59" +"','yyyy-mm-dd hh24:mi:ss')";                            
                            this.t1 = Ysh.Time.formatString(Ysh.Time.toString(this.time27, true, false), 111000) + " 00:00:00";
                            this.t2 = Ysh.Time.formatString(Ysh.Time.toString(this.time27, true, false), 111000) + " 23:59:59"; 
                            this.t3 = this.t2;
                            this.hour=23;         
                            this.select_ds2();                          
                            this.select_ds_valuechart();/*有功*/
                            //this.select_ds_temperaturechart();/*油温*/
                            //this.select_ds_loadratechart();/*负载率*/
                            this.getRunData();
                            this.getData();
                          ]]>
                    </value>
                  </list>
                </onclick>
              </e>
            </button>
          </c>
        </div>
        <table id="table5" desc="表格">
          <a class="divBoxRowTable" s_height="100%" s_width="100%"></a>
          <c>
            <tr id="tr6" desc="项目">
              <c>
                <td id="td7" desc="单元格" loop="const10">
                  <c>
                    <label id="label12" desc="文字" from="const10"></label>
                  </c>
                </td>
              </c>
            </tr>
            <tr id="tr7" desc="值">
              <c>
                <td id="td8" desc="单元格" loop="const11">
				  <a s_text-align="center"></a>
                  <c>
                    <label id="label13" desc="文字" from="const11"></label>
                  </c>
                </td>
              </c>
            </tr>
          </c>
        </table>
        <div id="div51" desc="容器">
          <c>
            <label id="label90" desc="文字">
              <a id="aCurve" class="divBoxSmallTitle" value="24小时负荷曲线"></a>
            </label>
            <echart id="echart52" desc="图表" from="ds_valuechart">
              <a>
                <option><![CDATA[{"title":{"text":"","left":"center","textStyle":{"fontSize":14}},"legend":{"show":false},"tooltip":{"formatter":"{c}"},"grid":{"left":"60","top":"10","right":"40","bottom":"20"},"xAxis":[{"name":"小时","nameGap":"5","type":"category","axisLine":{"lineStyle":{"color":"#cccccc"}},"axisLabel":{"color":"#000000","interval":0}}],"yAxis":[{"type":"value","scale":true,"axisLine":{"lineStyle":{"color":"#cccccc"}},"axisLabel":{"color":"#000000"}}],"series":[{"name":"实际值","type":"line","z":"3"},{"name":"预测值","type":"line","lineStyle":{"type":"dashed"}}]}]]></option>
              </a>
              <sa xaxis="col_valuechart_datatime" s_height="180+'px'"></sa>
              <c>
                <yaxis id="yaxis19" desc="实际值" from="col_valuechart_datavalue1">
                  <a type="line"></a>
                </yaxis>
                <yaxis id="yaxis20" desc="预测值" from="col_valuechart_datavalue2">
                  <a type="line"></a>
                </yaxis>
              </c>
            </echart>
            <label id="label55" desc="文字" show="false">
              <a class="divBoxSmallTitle" value="变压器负载率与油温、环境温度关系图"></a>
            </label>
            <echart id="echart56" desc="图表" show="false">
              <a>
                <ref>echart56</ref>
                <option>
                  <![CDATA[{"legend":{"show":true},"grid":{"left":"60","top":"35","right":"50","bottom":"20"},"tooltip":{},
                    "xAxis":[{"name":"小时","nameGap":"15","type":"category","axisLine":{"lineStyle":{"color":"#cccccc"}},"axisLabel":{"color":"#000000","interval":0}}],
                    "yAxis":[{"type":"value","axisLine":{"lineStyle":{"color":"#cccccc"}},"axisLabel":{"color":"#000000","formatter":'{value}%'}},
                             {"type":"value","name":"℃","axisLine":{"lineStyle":{"color":"#cccccc"}},"axisLabel":{"color":"#000000"}}],
                    "series":[{"name":"负荷","type":"bar","yAxisIndex":0,"tooltip":{"formatter":"{c}%"}},
                              {"name":"主变油温","type":"line","yAxisIndex":1,"symbol":"rect","symbolSize":6,"tooltip":{"formatter":"{c}℃"}},
                              {"name":"环境温度","type":"line","yAxisIndex":1,"symbol":"triangle","symbolSize":6,"tooltip":{"formatter":"{c}℃"}}],
                     "color":["#c3d69b","#548ed5","#e46c0a"]}]]>
                </option>
              </a>
              <sa s_height="180+'px'"></sa>
              <c>
                <yaxis id="yaxis89" desc="负荷">
                  <a type="bar"></a>
                </yaxis>
                <yaxis id="yaxis89" desc="主变油温">
                  <a type="line"></a>
                </yaxis>
                <yaxis id="yaxis89" desc="环境温度">
                  <a type="line"></a>
                </yaxis>
              </c>
            </echart>
            <label id="label59" desc="文字" show="false">
              <a class="divBoxSmallTitle" value="电量值"></a>
            </label>
            <echart id="echart59" desc="图表" from="ds_elecval" show="false">
              <a>
                <option>
                  <![CDATA[{"title":{"text":"","left":"10","textStyle":{"fontSize":14}},"legend":{"show":false},"grid":{"left":"60","top":"10","right":"30","bottom":"20"},"tooltip":{"formatter":"{b}{a}:{c}kW.h"},"xAxis":[{"type":"category","show":false,"axisLine":{"lineStyle":{"color":"#cccccc"}},"axisLabel":{"color":"#000000"}}],"yAxis":[{"type":"value","axisLine":{"lineStyle":{"color":"#cccccc"}},"axisLabel":{"color":"#000000"}}],
                    "series":[{"name":"电量值","type":"bar",itemStyle: {
                "normal": {
                    "color": new echarts.graphic.LinearGradient(
                        0, 0, 0, 1,
                        [
                            {offset: 0, color: '#83bff6'},
                            {offset: 0.5, color: '#188df0'},
                            {offset: 1, color: '#188df0'}
                        ]
                    )
                },
                "emphasis": {
                    "color": new echarts.graphic.LinearGradient(
                        0, 0, 0, 1,
                        [
                            {offset: 0, color: '#2378f7'},
                            {offset: 0.7, color: '#2378f7'},
                            {offset: 1, color: '#83bff6'}
                        ]
                    )
                }
              }}]}]]>
                </option>
              </a>
              <sa xaxis="col_elecval_datatime" s_height="180+'px'"></sa>
              <c>
                <yaxis id="yaxis94" desc="电量值" from="col_elecval_datavalue1">
                  <a type="bar" color="#1C86EE"></a>
                </yaxis>
              </c>
            </echart>
          </c>
        </div>
      </c>
    </div>
  </ctrls>
  <scripts>
    <script event="created">
    <list type="select" ds="ds2"></list>
      <list type="script">
        <value>
          <![CDATA[
           //运行信息相关
          this.getRunItem = function(name) {
            var idx = this.col_name.indexOf(name);
            if (idx < 0) 
              return ["","","",""];
            return this.ds2[idx];
          }
          this.getLoadRate = function(l,r) {
            if (r == "" || r == "0") return "";
            if (l === "") return "";
            return ((parseFloat(l) / parseFloat(r))* 100).toFixed(2) + "%";
          }
          this.getRunData = function() {
            var temp = "刷新时间,当前有功,负载率,今日调整\r\n档位次数,今日投切\r\n电容器次数,今日投切\r\n电抗器次数,当前油温,重过载情况,日重载\r\n小时数,日过载\r\n小时数".split(',');
            var rundata = [];
            /*for (var i = 0;i < temp.length;i++) {
              rundata.push([temp[i],temp[i]]);
            }*/
            var load = this.getRunItem("有功");
            rundata.push(["当日最大负载率",this.getLoadRate(load[0],load[3])]);
            rundata.push(["发生时间",load[1]]);
            var oil = this.getRunItem("油温1");
            /*if(load[1])
            {
              this.t1 = Ysh.Time.formatString(Ysh.Time.toString(load[1], true, false), 111000) + " 00:00:00";
					    this.t2 = Ysh.Time.formatString(Ysh.Time.toString(load[1], true, false), 111000) + " 23:59:59";
            }
            else{
              var now = new Date();
              this.t1= Ysh.Time.formatString(Ysh.Time.toString(now, true, false), 111000) + " 00:00:00";              
              this.t2 = Ysh.Time.formatString(Ysh.Time.toString(now, true, false), 111000) + " 23:59:59";
            }*/
            //this.select_ds20();
            rundata.push(["油温",oil[0]]);
            rundata.push(["有功",load[0]]);
            rundata.push(["日重载次数",""]);
            rundata.push(["日重载小时数",""]);            
            rundata.push(["日过载载次数",""]);
            rundata.push(["日过载小时数",""]);
            
            this.rundata = rundata;
          }
          this.getRunData();
          
          this.getData = function() {
          var names = [];
          var values = [];
          if (this.rundata) {
            for (var i = 0;i < this.rundata.length;i++) {
              var item = this.rundata[i];
              names.push(item[0]);
              values.push(item[1]);
            }
          }
          this.const10 = names;
          this.const11 = values;
        }
        this.getData();
        ]]>
        </value>
      </list>
    </script>
    <script event="mounted">
      <list type="script">
        <value>
          <![CDATA[
            this.t1 = Ysh.Time.formatString(Ysh.Time.toString(this.t0, true, false), 111000) + " 00:00:00";
            this.t2 = Ysh.Time.formatString(Ysh.Time.toString(this.t0, true, false), 111000) + " 23:59:59";  
            var now = new Date();
            this.t3 = Ysh.Time.formatString(Ysh.Time.toString(now, true, false), 111000) + " " + now.getHours() + ":" + now.getMinutes() + ":" + now.getSeconds();
            this.hour = now.getHours();
            //this.t1 = '2017-12-23';
            //this.t2 = '2017-12-23 23:59:59';
                                    
            this.ShowChart = function(row,index){
                this.select_ds_valuechart();
                this.select_ds_loadratechart();
                this.select_ds_temperaturechart();
                this.select_ds_elecval();
                
                this.$refs.echart56.option.xAxis[0].data=this.col_loadratechart_datatime;/*24个点*/
                this.$refs.echart56.option.series[0].data=this.col_loadratechart_datavalue;/*负荷率*/
                this.$refs.echart56.option.series[1].data=this.col_temperaturechart_datavalue1;/*油温实际值*/
                this.$refs.echart56.refreshOption();
            }
            
            this.ShowChart();
          ]]>
        </value>
      </list>
    </script>
  </scripts>
</root>