﻿<?xml version="1.0" encoding="utf-8"?>
<root maxid="57" desc="空白页">
  <inits>
    <init id="init1" desc="日期" type="request" arg="date"></init>
  </inits>
  <consts>
    <const id="title" desc="标题"></const>
    <const id="yesterday" desc="昨天" arg="2018-07-31"></const>
  </consts>
  <datasources>
    <datasource id="ds354" desc="昨日今日" db="MONITORSIGNAL" type="simple">
      <sql>
        <![CDATA[
          SELECT A.CTIME AS RN, A.CURVALUE AS AV, B.CURVALUE AS BV FROM 
          (
            SELECT 1 AS CTIME, '' as CURVALUE FROM dual
            union 
            SELECT 2 AS CTIME, '' as CURVALUE FROM dual
            union 
            SELECT 3 AS CTIME, '' as CURVALUE FROM dual
            union 
            SELECT 4 AS CTIME, '' as CURVALUE FROM dual
            union 
            SELECT 5 AS CTIME, '' as CURVALUE FROM dual
            union 
            SELECT 6 AS CTIME, '' as CURVALUE FROM dual
            union 
            SELECT 7 AS CTIME, '' as CURVALUE FROM dual
            union 
            SELECT 8 AS CTIME, '' as CURVALUE FROM dual
            union 
            SELECT 9 AS CTIME, '' as CURVALUE FROM dual
            union 
            SELECT 10 AS CTIME, '' as CURVALUE FROM dual
            union 
            SELECT 11 AS CTIME, '' as CURVALUE FROM dual
            union 
            SELECT 12 AS CTIME, '' as CURVALUE FROM dual
          ) A
          RIGHT JOIN 
          (
            SELECT 1 AS CTIME, '' as CURVALUE FROM dual
            union 
            SELECT 2 AS CTIME, '' as CURVALUE FROM dual
            union 
            SELECT 3 AS CTIME, '' as CURVALUE FROM dual
            union 
            SELECT 4 AS CTIME, '' as CURVALUE FROM dual
            union 
            SELECT 5 AS CTIME, '' as CURVALUE FROM dual
            union 
            SELECT 6 AS CTIME, '' as CURVALUE FROM dual
            union 
            SELECT 7 AS CTIME, '' as CURVALUE FROM dual
            union 
            SELECT 8 AS CTIME, '' as CURVALUE FROM dual
            union 
            SELECT 9 AS CTIME, '' as CURVALUE FROM dual
            union 
            SELECT 10 AS CTIME, '' as CURVALUE FROM dual
            union 
            SELECT 11 AS CTIME, '' as CURVALUE FROM dual
            union 
            SELECT 12 AS CTIME, '' as CURVALUE FROM dual
          ) B 
          ON A.CTIME = B.CTIME
          ORDER BY ROWNUM
				]]>
      </sql>
      <cols>
        <col id="col0" desc="时间" name="datatime1" from="yesterday"></col>
        <col id="col1" desc="时间" name="datatime" from="init1"></col>
        <col id="col355" desc="RN" name="RN"></col>
        <col id="col356" desc="AV" name="AV"></col>
        <col id="col357" desc="BV" name="BV"></col>
      </cols>
    </datasource>
  </datasources>
  <ctrls>
    <div id="div0" desc="根容器">
      <a s_width="100%"></a>
      <c>
        <div id="div51" desc="容器">
        	<a s_text-align="center" s_border-bottom="1px solid #cfd4df" s_padding-bottom="16px"></a>
          <c>
          	<div>
          		<a class="divBoxTitleWrapper"></a>
          		<c>
          			<label id="label90" desc="文字">
		              <a class="divBoxTitle" value="设备风险曲线"></a>
		            </label>
          		</c>
          	</div>
            <echart id="echart4" desc="图表" from="ds354">
              <a ref="echart4">
                <option><![CDATA[{"title":{"text":"","left":"center","textStyle":{"fontSize":14}},"legend":{"show":false},"tooltip":{"formatter":"{c}"},"grid":{"left":"60","top":"10","right":"40","bottom":"20"},"xAxis":[{"name":"月","nameGap":"5","type":"category","axisLine":{"lineStyle":{"color":"#cccccc"}},"axisLabel":{"color":"#000000","interval":0}}],"yAxis":[{"type":"value","scale":true,"axisLine":{"lineStyle":{"color":"#cccccc"}},"axisLabel":{"color":"#000000"}}],"series":[{"name":"实际值","type":"line","z":"3"},{"name":"预测值","type":"line","lineStyle":{"type":"dashed"}}]}]]></option>
              </a>
              <sa xaxis="col355"></sa>
              <c>
                <yaxis id="yaxis54" desc="今日" from="col356">
                  <a type="line"></a>
                </yaxis>
                <yaxis id="yaxis54_2" desc="昨日" from="col357">
                  <a type="line"></a>
                </yaxis>
              </c>
            </echart>
          </c>
        </div>
      </c>
    </div>
  </ctrls>
  <scripts>
    <script event="created">
      <list type="select" ds="ds354"></list>
      <list type="script">
        <value>
          <![CDATA[
					]]>
        </value>
      </list>
    </script>
    <script event="mounted">
      <list type="script">
        <value>
          <![CDATA[
					]]>
        </value>
      </list>
    </script>
  </scripts>
</root>