﻿<?xml version="1.0" encoding="utf-8"?>
<root maxid="57" desc="空白页">
  <inits>
    <init id="init1" desc="日期" type="request" arg="data"></init>
    <init id="init2" desc="标题" type="request" arg="ctitle"></init>
    <init id="flag" desc="id" type="request" arg="flag"></init>
  </inits>
  <consts>
    <const id="title" desc="标题"></const>
    <const id="list1" desc="图表数据" arg="" type="2d" length="3"></const>
  </consts>
  <datasources>
  </datasources>
  <ctrls>
    <div id="div0" desc="根容器">
      <a class="box" abc="echart4"></a>
      <sa def="flag"></sa>
      <c>
        <label id="label11" desc="文字">
          <a class="bigLabel"></a>
          <sa value="title"></sa>
        </label>
        <div>
          <a class="bigecharts"></a>
          <c>
            <echart id="echart4" desc="图表" from="list1">
              <a ref="echart4">
                <option>
                  <![CDATA[                            
                  {"legend":{"show":false,"textStyle":{"color":"#93aff5"},"data":[{"name":"纵坐标"}]},
                        	"grid": {
                                "left": "3%",
                                "right": "6%",
                                "top": "15%",
                                "bottom": "10%",
                                "containLabel": "true"
                            },
                        	"xAxis":[{"type":"value",
                        	"axisTick":false,
                        	"axisLabel":{"color":"#93aff5"},
		                        				"nameTextStyle":{"color":"#93aff5"},
		                        				"splitLine": {
																	    "lineStyle": {
																	        "color": ['#26396d']
																	    }
																	},
                                    "axisLine":{
                                    	"lineStyle":{
                                    		"color": "#26396d"
                                    	}
                                    }}],
                        	"yAxis":[{"type":"category",
                        	"axisTick":false,
                        	"axisLabel":{"color":"#93aff5"},
		                        				"nameTextStyle":{"color":"#93aff5"},
		                        				"splitLine": {
																	    "lineStyle": {
																	        "color": ['#26396d']
																	    }
																	},
                                    "axisLine":{
                                    	"lineStyle":{
                                    		"color": "#26396d"
                                    	}
                                    }}],
                                    "animation": false,
                              "color" : [ '#016171', '#0cffff', '#ffa601', '#006bff', '#014154', '#f15b34', '#8b2851' ],
                        	"series":[{"name":"纵坐标","type":"bar","barWidth":"50%",
	                        	itemStyle: {
	                                normal: {
	                                    //每根柱子颜色设置
	                                    color: function(params) {
	                                        let colorList = [
	                                            "#fd9404",
	                                            "#6447e8",
	                                            "#0cffff",
	                                            "#2382f1",
	                                            "#2660fc"
	                                        ];
	                                        return colorList[params.dataIndex];
	                                    }
	                                }
	                            }
                            }]}]]>
                </option>
              </a>
              <sa xaxis="list1_1"></sa>
              <c>
                <yaxis id="yaxis79" desc="纵坐标" from="list1_2">
                  <a type="line"></a>
                </yaxis>
              </c>
            </echart>
          </c>
        </div>
      </c>
    </div>
  </ctrls>
  <scripts>
    <script event="created">
      <list type="script">
        <value>
          <![CDATA[
            this.title = this.init2 + "排行";
            this.list1 = this.init1;
					]]>
        </value>
      </list>
    </script>
    <script event="mounted">
      <list type="script">
        <value>
          <![CDATA[
            this.echart4_option.yAxis[0].data = this.echart4_option.xAxis[0].data;
            this.$refs.echart4.refreshOption();
          ]]>
        </value>
      </list>
    </script>
  </scripts>
</root>