﻿<?xml version="1.0" encoding="utf-8"?>
<root maxid="57" desc="空白页">
  <inits>
    <init id="init1" desc="日期" type="request" arg="date"></init>
  </inits>
  <consts>
    <const id="title" desc="标题"></const>
    <const id="yesterday" desc="昨天" arg="2018-07-31"></const>
  </consts>
  <datasources>
    <datasource id="ds354" desc="昨日今日" db="MONITORSIGNAL" type="simple">
      <sql>
        <![CDATA[
          SELECT B.CTIME AS RN, A.CURVALUE AS AV, B.CURVALUE AS BV FROM 
          (
            SELECT to_number(to_char(DATATIME,'hh24')) AS CTIME, ROWNUM, CURVALUE FROM "MONITORSIGNAL"."TBYCDATA"
            WHERE DATATIME BETWEEN TO_DATE ('2018-12-11','yyyy-mm-dd hh24:mi:ss') AND TO_DATE ('2018-12-12','yyyy-mm-dd hh24:mi:ss')
          ) A
          RIGHT JOIN 
          (
            SELECT to_number(to_char(DATATIME,'hh24')) AS CTIME, ROWNUM, CURVALUE FROM "MONITORSIGNAL"."TBYCDATA"
            WHERE DATATIME BETWEEN TO_DATE ('2018-12-11','yyyy-mm-dd hh24:mi:ss') AND TO_DATE ('2018-12-12','yyyy-mm-dd hh24:mi:ss')     
          ) B 
          ON A.CTIME = B.CTIME
          ORDER BY B.CTIME
				]]>
      </sql>
      <cols>
        <col id="col0" desc="时间" name="datatime1" from="yesterday"></col>
        <col id="col1" desc="时间" name="datatime" from="init1"></col>
        <col id="col355" desc="RN" name="RN"></col>
        <col id="col356" desc="AV" name="AV"></col>
        <col id="col357" desc="BV" name="BV"></col>
      </cols>
    </datasource>
  </datasources>
  <ctrls>
    <div id="div0" desc="根容器">
      <a class="box" abc="echart4" def="file1"></a>
      <c>
        <label id="label11" desc="文字">
          <a class="bigLabel" value="日负荷曲线"></a>
        </label>        <div>
          <a class="bigecharts"></a>
          <c>
            <echart id="echart4" desc="图表" from="ds354">
              <a ref="echart4">
                <option>
                  <![CDATA[{"tooltip":{"formatter":"{b}时负荷值:{c}", "axisPointer":{"type":"shadow"}},
													"legend": {
													"selectedMode":false,
													"textStyle":{"color":"#93aff5"},
													},
													"grid": {
													"left": "3%",
													"right": "6%",
													"top": "15%",
													"bottom": "10%",
													"containLabel": "true"
													},
													"xAxis":[{"type":"category",
													"axisTick":false,
													"axisLabel":{"color":"#93aff5"},
													"nameTextStyle":{"color":"#93aff5"},
													"splitLine": {
													"lineStyle": {
													"color": ['#26396d']
													}
													},
													"axisLine":{
													"lineStyle":{
													"color": "#26396d"
													}
													}}],
													"yAxis":[{"type":"value","scale":"true",
													"axisTick":false,
													"axisLabel":{"color":"#93aff5"},
													"nameTextStyle":{"color":"#93aff5"},
													"splitLine": {
													"lineStyle": {
													"color": ['#26396d']
													}
													},
													"axisLine":{
													"lineStyle":{
													"color": "#26396d"
													}
													}}],
													"color" : [ '#6447e8', '#fd9404' ],
													"animation": false,
												"series":[{"name":"今日","type":"line","symbolSize": "3"},{"name":"昨日","type":"line","symbolSize": "3",}]}]]>
                </option>
              </a>
              <sa xaxis="col355"></sa>
              <c>
                <yaxis id="yaxis54" desc="今日" from="col356">
                  <a type="line"></a>
                </yaxis>
                <yaxis id="yaxis54_2" desc="昨日" from="col357">
                  <a type="line"></a>
                </yaxis>
              </c>
            </echart>
          </c>
        </div>
      </c>
    </div>
  </ctrls>
  <scripts>
    <script event="created">
      <list type="select" ds="ds354"></list>
      <list type="script">
        <value>
          <![CDATA[
					]]>
        </value>
      </list>
    </script>
    <script event="mounted">
      <list type="script">
        <value>
          <![CDATA[
					]]>
        </value>
      </list>
    </script>
  </scripts>
</root>