﻿<?xml version="1.0" encoding="utf-8"?>
<root maxid="57" desc="空白页">
  <inits>
    <init id="init1" desc="日期" type="request" arg="date"></init>
    <init id="init2" desc="告警分类" type="request" arg="alarmtype"></init>
    <init id="flag" desc="id" type="request" arg="flag"></init>
  </inits>
  <consts>
    <const id="title" desc="标题"></const>
  </consts>
  <datasources>
    <datasource id="ds354" desc="今年去年" db="MONITORSIGNAL" type="simple">
      <sql>
        <![CDATA[
          select ROWNUM AS RN, STANAME, SIGCOUNT from "MONITORSIGNAL"."V_ALARMTOP5SIG"
          WHERE to_char(STA_DAY, 'yyyy') = {0} AND ALARMTYPE = {1}
          ORDER BY SIGCOUNT
				]]>
      </sql>
      <cols>
        <col id="col0" desc="时间" name="datatime" from="init1"></col>
        <col id="col1" desc="类型" name="alarmtype" from="init2"></col>
        <col id="col355" desc="RN" name="RN"></col>
        <col id="col356" desc="STANAME" name="STANAME"></col>
        <col id="col357" desc="SIGCOUNT" name="SIGCOUNT"></col>
      </cols>
    </datasource>
  </datasources>
  <ctrls>
    <div id="div0" desc="根容器">
      <a class="box" abc="echart4"></a>
      <sa def="flag"></sa>
      <c>
        <label id="label11" desc="文字">
          <a class="bigLabel"></a>
          <sa value="title"></sa>
        </label>
        <div>
          <a class="bigecharts"></a>
          <c>
            <echart id="echart4" desc="图表" from="ds354">
              <a ref="echart4">
                <option>
                  <![CDATA[                            
                  {"legend":{"show":false,"textStyle":{"color":"#93aff5"},"data":[{"name":"纵坐标"}]},
                        	"grid": {
                                "left": "3%",
                                "right": "6%",
                                "top": "15%",
                                "bottom": "10%",
                                "containLabel": "true"
                            },
                        	"xAxis":[{"type":"value",
                        	"axisTick":false,
                        	"axisLabel":{"color":"#93aff5"},
		                        				"nameTextStyle":{"color":"#93aff5"},
		                        				"splitLine": {
																	    "lineStyle": {
																	        "color": ['#26396d']
																	    }
																	},
                                    "axisLine":{
                                    	"lineStyle":{
                                    		"color": "#26396d"
                                    	}
                                    }}],
                        	"yAxis":[{"type":"category",
                        	"axisTick":false,
                        	"axisLabel":{"color":"#93aff5"},
		                        				"nameTextStyle":{"color":"#93aff5"},
		                        				"splitLine": {
																	    "lineStyle": {
																	        "color": ['#26396d']
																	    }
																	},
                                    "axisLine":{
                                    	"lineStyle":{
                                    		"color": "#26396d"
                                    	}
                                    }}],
                                    "animation": false,
                              "color" : [ '#016171', '#0cffff', '#ffa601', '#006bff', '#014154', '#f15b34', '#8b2851' ],
                        	"series":[{"name":"纵坐标","type":"bar","barWidth":"50%",
	                        	itemStyle: {
	                                normal: {
	                                    //每根柱子颜色设置
	                                    color: function(params) {
	                                        let colorList = [
	                                            "#fd9404",
	                                            "#6447e8",
	                                            "#0cffff",
	                                            "#2382f1",
	                                            "#2660fc"
	                                        ];
	                                        return colorList[params.dataIndex];
	                                    }
	                                }
	                            }
                            }]}]]>
                </option>
              </a>
              <sa xaxis="col356"></sa>
              <c>
                <yaxis id="yaxis79" desc="纵坐标" from="col357">
                  <a type="line"></a>
                </yaxis>
              </c>
            </echart>
          </c>
        </div>
      </c>
    </div>
  </ctrls>
  <scripts>
    <script event="created">
      <list type="select" ds="ds354"></list>
      <list type="script">
        <value>
          <![CDATA[
            this.title = "年度" + this.init2 + "告警信息排行";
					]]>
        </value>
      </list>
    </script>
    <script event="mounted">
      <list type="script">
        <value>
          <![CDATA[
            this.echart4_option.yAxis[0].data = this.echart4_option.xAxis[0].data;
            this.$refs.echart4.refreshOption();
          ]]>
        </value>
      </list>
    </script>
  </scripts>
</root>