﻿<?xml version="1.0" encoding="utf-8"?>
<root maxid="57" desc="空白页">
  <inits>
    <init id="init1" desc="日期" type="request" arg="date"></init>
    <init id="init2" desc="告警分级" type="request" arg="warnlevel"></init>
    <init id="flag" desc="id" type="request" arg="flag"></init>
  </inits>
  <consts>
    <const id="title" desc="标题"></const>
    <const id="lastyear" desc="去年" arg="2017"></const>
  </consts>
  <datasources>
    <datasource id="ds354" desc="今年去年" db="MONITORSIGNAL" type="simple">
      <sql>
        <![CDATA[
          SELECT ROWNUM AS RN, A.SIGCOUNT AS AV, B.SIGCOUNT AS BV FROM 
          (
            SELECT TO_CHAR(STA_DAY, 'MM-DD') AS CTIME, ROWNUM, SIGCOUNT FROM "MONITORSIGNAL"."V_WARNLEVELSIG"
            WHERE to_char(STA_DAY, 'yyyy') = '2019' AND WARNLEVEL = {2}
          ) A
          RIGHT JOIN 
          (
            SELECT TO_CHAR(STA_DAY, 'MM-DD') AS CTIME, ROWNUM, SIGCOUNT FROM "MONITORSIGNAL"."V_WARNLEVELSIG"
            WHERE to_char(STA_DAY, 'yyyy') = '2018' AND WARNLEVEL = {2}       
          ) B 
          ON A.CTIME = B.CTIME
          ORDER BY ROWNUM
        ]]>
      </sql>
      <cols>
        <col id="col0" desc="时间" name="datatime1" from="lastyear"></col>
        <col id="col1" desc="时间" name="datatime" from="init1"></col>
        <col id="col2" desc="告警分级" name="warnlevel" from="init2"></col>
        <col id="col355" desc="RN" name="RN"></col>
        <col id="col356" desc="AV" name="AV"></col>
        <col id="col357" desc="BV" name="BV"></col>
      </cols>
    </datasource>
  </datasources>
  <ctrls>
    <div id="div0" desc="根容器">
      <a class="box" abc="echart4"></a>
      <sa def="flag"></sa>
      <c>
        <label id="label11" desc="文字">
          <a class="bigLabel"></a>
          <sa value="title"></sa>
        </label>
        <div>
          <a class="bigecharts"></a>
          <c>
            <echart id="echart4" desc="图表" from="ds354">
              <a ref="echart4">
                <option>
                  <![CDATA[{"tooltip":false,
													"legend": {
													"selectedMode":false,
													"textStyle":{"color":"#93aff5"},
													},
													"grid": {
													"left": "3%",
													"right": "6%",
													"top": "15%",
													"bottom": "10%",
													"containLabel": "true"
													},
													"xAxis":[{"type":"category",
													"axisTick":false,
													"axisLabel":{"color":"#93aff5",
													"interval": 29,
													"showMaxLabel": true,
													"formatter": function(value,index){
														value=parseInt(value/29);
														return value;
														},
													},
													"nameTextStyle":{"color":"#26396d"},
													"splitLine": {
													"lineStyle": {
													"color": ['#26396d']
													}
													},
													"axisLine":{
													"lineStyle":{
													"color": "#93aff5"
													}
													}}],
													"yAxis":[{"type":"value",
													"axisTick":false,
													"axisLabel":{"color":"#93aff5"},
													"nameTextStyle":{"color":"#93aff5"},
													"splitLine": {
													"lineStyle": {
													"color": ['#26396d']
													}
													},
													"axisLine":{
													"lineStyle":{
													"color": "#26396d"
													}
													}}],
													"animation": false,
													"color" : [ "#0cffff", "#fd9404" ],
													"series":[{"name":"今年","type":"line","showSymbol":false},{"name":"去年","type":"line","showSymbol":false}]}]]>
                </option>
              </a>
              <sa xaxis="col355"></sa>
              <c>
                <yaxis id="yaxis54" desc="今年" from="col356">
                  <a type="line"></a>
                </yaxis>
                <yaxis id="yaxis54_2" desc="去年" from="col357">
                  <a type="line"></a>
                </yaxis>
              </c>
            </echart>
          </c>
        </div>
      </c>
    </div>
  </ctrls>
  <scripts>
    <script event="created">
      <list type="script">
        <value>
          <![CDATA[
            this.lastyear = parseInt(this.init1) + 1;
            
            switch(this.init2)
            {
              case 1:
                this.title = "年度事故告警趋势";
                break;
              case 2:
                this.title = "年度异常告警趋势";
                break;
              case 3:
                this.title = "年度越限告警趋势";
                break;
              case 4:
                this.title = "年度变位告警趋势";
                break;
              case 5:
                this.title = "年度告知告警趋势";
                break;
            }
					]]>
        </value>
      </list>
      <list type="select" ds="ds354"></list>
    </script>
    <script event="mounted">
      <list type="script">
        <value>
          <![CDATA[
					]]>
        </value>
      </list>
    </script>
  </scripts>
</root>