﻿<?xml version="1.0" encoding="utf-8"?>
<root maxid="29" desc="空白页">
  <inits>
    <init id="init1" desc="设备id" type="request" arg="deviceid"></init>
    <init id="init2" desc="设备名称" type="request" arg="devicename"></init>
    <init id="init3" desc="变电站" type="request" arg="staname"></init>
    <init id="area0" desc="地区后缀" type="request" arg="areasuffix"></init>
  </inits>
  <consts>
    <const id="starttime" desc="开始时间" type="time" arg="d"></const>
    <const id="endtime" desc="结束时间" type="time" arg="d,d,1"></const>
  </consts>
  <datasources>
    <datasource id="ds0" desc="调档记录" db="MONITORSIGNAL" type="simple">
      <sql>
        <![CDATA[
        select OCCUR_TIME,CTRL_TYPE,'成功' AS OPRESULT,'手动调整' AS OPTYPE from "MONITORSIGNAL"."TBOPCTRLINFO" o
LEFT JOIN psgraph_data.tdevice{{5}} d1 ON o.dev_name=d1.devicestrid
LEFT JOIN "PSGRAPH_DATA".TCOMBINEDEVICE{{5}} r on d1.deviceidx=r.partdeviceidx
LEFT JOIN psgraph_data.tdevice{{5}} d2 ON r.deviceidx=d2.deviceidx
        where ctrl_type like '%调档%' AND d2.devicestrid={0} AND OCCUR_TIME>={1} AND OCCUR_TIME<{2}
        UNION
        select RUN_TIME,SCHEID,RESULT,'AVC' from "MONITORSIGNAL"."TBAVCCONTROL" 
        WHERE STATION_NAME='{3}' AND SCHEID LIKE '%高_分头%' AND SCHEID LIKE '%{4}%' AND RUN_TIME>={1} AND RUN_TIME<{2}
        ]]>
      </sql>
      <cols>
        <col id="col0" desc="设备id" name="deciid" from="init1"></col>
        <col id="col1" desc="设备id" name="starttime" from="starttime"></col>
        <col id="col2" desc="设备id" name="endtime" from="endtime"></col>
        <col id="col3" desc="变电站名称" name="stationname" from="init3"></col>
        <col id="col_devname" desc="设备名称" name="devicename" from="init2"></col>
        <col id="colarea" desc="地区后缀" name="area0" from="area0"></col>
        <col id="col4" desc="发生时间" name="OCCUR_TIME"></col>
        <col id="col5" desc="操作内容" name="CTRL_TYPE"></col>
        <col id="col6" desc="操作结果" name="OPRESULT"></col>
        <col id="col7" desc="类型" name="OPTYPE"></col>
      </cols>
    </datasource>
  </datasources>
  <ctrls>
    <div id="div0" desc="根容器">
      <a class="divBox"></a>
      <c>
        <div id="div4" desc="容器">
          <a class="divBoxTitleWrapper"></a>
          <c>
            <label id="label8" desc="文字" from="init2">
            	<a class="divBoxTitle"></a>
            </label>
            <label id="label9" desc="文字">
              <a class="divBoxTitle" id="aTdjl" value="调档记录"></a>
            </label>
          </c>
        </div>
        <div id="div13" desc="容器">
          <a s_width="100%" s_height="30px" class="fbac mb10"></a>
          <c>
            <div id="div20" desc="容器">
              <a s_display="inline-block"></a>
              <c>
                <button id="button22" desc="默认按钮">
                  <a type="button" value="今日" class="tPdpBtn mr10"></a>
                  <e>
                    <onclick>
                      <list type="script">
                        <value><![CDATA[this.starttime=Ysh.Time.getTime('d');this.endtime=Ysh.Time.getTime('d,d,1');this.select();]]></value>
                      </list>
                      <list type="select" ds="ds0"></list>
                    </onclick>
                  </e>
                </button>
                <button id="button23" desc="默认按钮">
                  <a type="button" value="昨日" class="tPdpBtn"></a>
                  <e>
                    <onclick>
                      <list type="script">
                        <value><![CDATA[this.starttime=Ysh.Time.getTime('d,d,-1');this.endtime=Ysh.Time.getTime('d');this.select();]]></value>
                      </list>
                      <list type="select" ds="ds0" async="true"></list>
                    </onclick>
                  </e>
                </button>
              </c>
            </div>
            <div id="div21" desc="容器">
            	<a class="fsac"></a>
              <c>
                <label id="label24" desc="文字">
                  <a class="pdpLabel" value="日期："></a>
                </label>
                <time id="time25" desc="时间" from="starttime">
                  <a disstyle="111000" dtstyle="1"></a>
                </time>
                <label id="label26" desc="文字">
                  <a class="pdpLabel" value="--"></a>
                </label>
                <time id="time27" desc="时间" from="endtime">
                  <a disstyle="111000" dtstyle="1"></a>
                </time>
                <button id="button28" desc="默认按钮">
                  <a type="button" value="搜索" class="tPdpSeaBtn ml10"></a>
                  <e>
                    <onclick>
                      <list type="script" value="this.starttime=this.time25;this.endtime=this.time27;"></list>
                      <list type="select" ds="ds0"></list>
                    </onclick>
                  </e>
                </button>
              </c>
            </div>
          </c>
        </div>
        <scrolltable id="scrolltable14" desc="滚动表格" from="ds0">
          <a s_width="100%" class="tjPdpTable"></a>
          <sa stripe="true"></sa>
          <c>
            <icol id="icol15" desc="序号">
              <a type="index" width="50"></a>
            </icol>
            <icol id="icol16" desc="发生时间" from="col4">
              <a width="150"></a>
            </icol>
            <icol id="icol17" desc="操作内容" from="col5"></icol>
            <icol id="icol18" desc="操作结果" from="col6">
              <a width="100"></a>
            </icol>
            <icol id="icol19" desc="类型" from="col7">
              <a width="50"></a>
            </icol>
          </c>
        </scrolltable>
      </c>
    </div>
  </ctrls>
  <scripts>
    <script event="created">
      <list type="select" ds="ds0" async="true"></list>
      <list type="script">
        <value>
          <![CDATA[
          this.select = function(){
          	var obj = event.target;
          	$(obj).addClass("tPdpBtnSelect").siblings().removeClass("tPdpBtnSelect");
          }
          ]]>
        </value>
      </list>
    </script>
    <script event="mounted"></script>
  </scripts>
</root>