﻿<?xml version="1.0" encoding="utf-8"?>
<root maxid="57" desc="空白页">
  <inits>
    <init id="init1" desc="日期" type="request" arg="date"></init>
  </inits>
  <consts>
    <const id="title" desc="标题"></const>
  </consts>
  <datasources>
    <datasource id="ds45" desc="当日线路重载情况" db="MONITORSIGNAL" type="simple">
      <sql>
        <![CDATA[
          SELECT '吴八线' AS DEVNAME, '103%' AS OVERRATE, '17' AS OVERDAYS, '16分' AS SUMTIMES FROM DUAL
          UNION ALL
          SELECT '北白一线' AS DEVNAME, '102%' AS OVERRATE, '7' AS OVERDAYS, '18分' AS SUMTIMES FROM DUAL
          UNION ALL
          SELECT '安北线' AS DEVNAME, '102%' AS OVERRATE, '14' AS OVERDAYS, '6分' AS SUMTIMES FROM DUAL
          UNION ALL
          SELECT '河桥二线' AS DEVNAME, '101%' AS OVERRATE, '10' AS OVERDAYS, '5分' AS SUMTIMES FROM DUAL
          UNION ALL
          SELECT '板盛二线' AS DEVNAME, '101%' AS OVERRATE, '8' AS OVERDAYS, '6分' AS SUMTIMES FROM DUAL
				]]>
      </sql>
      <cols>
        <col id="col1" desc="时间" name="datatime" from="init1"></col>
        <col id="col51" desc="DEVNAME" name="DEVNAME"></col>
        <col id="col52" desc="OVERRATE" name="OVERRATE"></col>
        <col id="col53" desc="OVERDAYS" name="OVERDAYS"></col>
        <col id="col54" desc="SUMTIMES" name="SUMTIMES"></col>
      </cols>
    </datasource>
  </datasources>
  <ctrls>
    <div id="div0" desc="根容器">
      <a class="box"></a>
      <c>
        <label id="label11" desc="文字">
          <a class="bigLabel" value="当日线路重载情况"></a>
        </label>
        <div>
          <c>
            <itable id="itable32" desc="iview表格" from="ds45">
              <a class="bigtable1"></a>
              <sa stripe="true"></sa>
              <c>
                <icol id="icol33" desc="序号">
                  <a type="index" width="40"></a>
                </icol>
                <icol id="icol34" desc="线路名称" from="col51"></icol>
                <icol id="icol36" desc="负载率" from="col52"></icol>
                <icol id="icol37" desc="过载天数" from="col53"></icol>
                <icol id="icol38" desc="累计时长" from="col54"></icol>
              </c>
            </itable>
          </c>
        </div>
      </c>
    </div>
  </ctrls>
  <scripts>
    <script event="created">
      <list type="select" ds="ds45"></list>
      <list type="script">
        <value>
          <![CDATA[
					]]>
        </value>
      </list>
    </script>
    <script event="mounted">
      <list type="script">
        <value>
          <![CDATA[
					]]>
        </value>
      </list>
    </script>
  </scripts>
</root>