﻿<?xml version="1.0" encoding="utf-8"?>
<root maxid="57" desc="空白页">
  <inits>
    <init id="init1" desc="日期" type="request" arg="date"></init>
  </inits>
  <consts>
    <const id="title" desc="标题"></const>
  </consts>
  <datasources>
    <datasource id="ds45" desc="当日检修计划" db="MONITORSIGNAL" type="simple">
      <sql>
        <![CDATA[
          SELECT STANAME, DEVNAME, STARTTIME, ENDTIME FROM MONITORSIGNAL.V_REPAIRMESSAGE
          WHERE STA_DAY = to_date('2018-10-23', 'yyyy-mm-dd hh24:mi:ss')
				]]>
      </sql>
      <cols>
        <col id="col1" desc="时间" name="datatime" from="init1"></col>
        <col id="col50" desc="STANAME" name="STANAME"></col>
        <col id="col51" desc="DEVNAME" name="DEVNAME"></col>
        <col id="col52" desc="STIME" name="STARTTIME"></col>
        <col id="col53" desc="ETIME" name="ENDTIME"></col>
      </cols>
    </datasource>
  </datasources>
  <ctrls>
    <div id="div0" desc="根容器">
      <a class="box"></a>
      <c>
        <label id="label11" desc="文字">
          <a class="bigLabel" value="当日检修计划"></a>
        </label>
        <div>
          <c>
            <itable id="itable32" desc="iview表格" from="ds45">
              <a class="bigtable1"></a>
              <sa stripe="true"></sa>
              <c>
                <icol id="icol33" desc="序号">
                  <a type="index" width="40"></a>
                </icol>
                <icol id="icol34" desc="变电站" from="col50"></icol>
                <icol id="icol35" desc="设备" from="col51"></icol>
                <icol id="icol36" desc="检修开始时间" from="col52"></icol>
                <icol id="icol37" desc="检修结束时间" from="col53"></icol>
              </c>
            </itable>
          </c>
        </div>
      </c>
    </div>
  </ctrls>
  <scripts>
    <script event="created">
      <list type="select" ds="ds45"></list>
      <list type="script">
        <value>
          <![CDATA[
					]]>
        </value>
      </list>
    </script>
    <script event="mounted">
      <list type="script">
        <value>
          <![CDATA[
					]]>
        </value>
      </list>
    </script>
  </scripts>
</root>