<?xml version="1.0" encoding="utf-8"?>
<root maxid="57" desc="空白页">
  <inits>
    <init id="area0" desc="地区后缀" type="config" arg="AreaSuffix"></init>
  </inits>
  <consts>
    <const id="curday" desc="当前" arg="2018-08-01" type="string"></const>
  </consts>
	<datasources>
	</datasources>
	<ctrls>
		<div id="div0" desc="根容器">
			<a s_height="100%" s_position="relative" s_width="100%"></a>
			<c>
				<div>
					<a class="boxWrapper"></a>
					<c>
            <subfile id="file1" desc="日负荷曲线">
              <a file="/App_Data/design/charts_dayload" ref="file1"></a>
              <sa date="curday"></sa>
            </subfile>
						<div>
							<a class="spaceBox"></a>
						</div>
            <subfile id="file2" desc="当日检修计划">
              <a file="/App_Data/design/day_repairplan" ref="file2"></a>
              <sa date="curday"></sa>
            </subfile>
            <subfile id="file3" desc="当日跳闸情况排行">
              <a file="/App_Data/design/day_trip" ref="file3"></a>
              <sa date="curday" areasuffix="area0"></sa>
            </subfile>
						<div>
							<a class="spaceBox"></a>
						</div>
            <subfile id="file4" desc="当日变压器重载情况">
              <a file="/App_Data/design/day_overloadT" ref="file4"></a>
              <sa date="curday"></sa>
            </subfile>
            <subfile id="file5" desc="当日主变油温越限">
              <a file="/App_Data/design/day_tempover" ref="file5"></a>
              <sa date="curday" areasuffix="area0"></sa>
            </subfile>
            <subfile id="file6" desc="当日线路重载情况">
              <a file="/App_Data/design/day_overloadline" ref="file6"></a>
              <sa date="curday"></sa>
            </subfile>
            <subfile id="file7" desc="当日设备缺陷">
              <a file="/App_Data/design/day_defect" ref="file7"></a>
              <sa date="curday"></sa>
            </subfile>
            <subfile id="file8" desc="日告警趋势">
              <a file="/App_Data/design/day_alarm" ref="file8"></a>
              <sa date="curday" areasuffix="area0"></sa>
            </subfile>
            <subfile id="file9" desc="当日频发信息">
              <a file="/App_Data/design/day_freqalarm" ref="file9" s_display="none"></a>
              <sa date="curday" areasuffix="area0"></sa>
            </subfile>
          </c>
				</div>
			</c>
		</div>
	</ctrls>
	<scripts>
		<script event="created">
			<list type="script">
				<value>
					<![CDATA[
					window.vm = this;
					window.initBox = function(){
					  $(".box").removeClass("bigFun");
					  $(".box").css({"margin":"12px 12px 0 0"});
					  $(".box").eq(0).css({"margin-top":"0"});
					  $(".box").eq(1).css({"margin-top":"0"});
					}
					$(document).ready(function(){
					  $(".box").click(function(){
							return;
					  	if($(this).index() == 1||$(this).index() == 3||$(this).index() == 5||$(this).index() == 6||$(this).index() == 8){
					  		return;
					  	}
					    var chartid = $(this).attr("abc");
					    var fileid = $(this).attr("def");
					    var flashing = 0;

					    window.event? window.event.cancelBubble = true : event.stopPropagation();
					    if($(this).css("margin") == "0px"){
					      initBox();
					      window.vm.$refs[fileid].$refs[chartid].echart.resize({
					        width:"auto",
					        height:"auto"
					      });
					      flashing = 0;
					    }
              else{
					      $(this).addClass("bigFun");
					      $(".box").css({"margin":"0"});
					      window.vm.$refs[fileid].$refs[chartid].echart.resize({
					        width:"auto",
					        height:"auto"
					      });
					      flashing = 1;
					    }
					    if(this.getAttribute("colid")){
 					    }
					  })
					})

					this.stationFlashing = function(arr, flashing){
					var frmGraph = parent.window.pdp.$refs.iframeGraph.contentWindow;
					if(flashing == 1)
					frmGraph.postMessage({eventType:"menuope",menuname:"ShaderGlowMeshForStation",selstate:1,data:{stationIDs:arr}}, "*");
					else
					frmGraph.postMessage({eventType:"menuope",menuname:"ShaderGlowMeshForStation",selstate:0,data:{}}, "*");
					}
					]]>
				</value>
			</list>
		</script>
	</scripts>
</root>