﻿<?xml version="1.0" encoding="utf-8"?>
<root maxid="57" desc="空白页">
  <inits>
    <init id="init1" desc="日期" type="request" arg="date"></init>
    <init id="area0" desc="地区后缀" type="request" arg="areasuffix"></init>
  </inits>
  <consts>
    <const id="title" desc="标题" arg="123" type="string"></const>
  </consts>
  <datasources>
    <datasource id="ds45" desc="当日频发信息" db="MONITORSIGNAL" type="simple">
      <sql>
        <![CDATA[
          SELECT TO_CHAR(MIN(SIGNAL_TIME), 'HH24:MI:SS') AS SIGALTIME, SIGNAL_NAME, COUNT(1) AS SIGCOUNT FROM MONITORSIGNAL.TBSIGNALBASIS{{1}}
          WHERE SIGNAL_TIME BETWEEN TO_DATE ('2018-12-11','yyyy-mm-dd hh24:mi:ss') AND TO_DATE ('2018-12-12','yyyy-mm-dd hh24:mi:ss')
          GROUP BY SIGNAL_NAME
          ORDER BY 3 DESC
				]]>
      </sql>
      <cols>
        <col id="col1" desc="时间" name="datatime" from="init1"></col>
        <col id="colarea" desc="地区后缀" name="area0" from="area0"></col>
        <col id="col50" desc="SIGNALTIME" name="SIGNALTIME"></col>
        <col id="col51" desc="SIGNALNAME" name="SIGNALNAME"></col>
        <col id="col52" desc="SIGCOUNT" name="SIGCOUNT"></col>
      </cols>
    </datasource>
  </datasources>
  <ctrls>
    <div id="div0" desc="根容器">
      <a class="box"></a>
      <c>
        <label id="label11" desc="文字">
          <a class="bigLabel" value="当日频发信息"></a>
        </label>
        <div>
          <c>
            <itable id="itable32" desc="iview表格" from="ds45">
              <a class="bigtable1"></a>
              <sa stripe="true"></sa>
              <c>
                <icol id="icol33" desc="序号">
                  <a type="index" width="40"></a>
                </icol>
                <icol id="icol34" desc="发生时间" from="col50">
                  <a width="65"></a>
                </icol>
                <icol id="icol35" desc="频发信息" from="col51">
                	<c>
                		<itooltip>
		                  <sa content="params.row.SIGNALNAME"></sa>
		                  <c>
		                    <label>
		                      <sa value="params.row.SIGNALNAME"></sa>
		                    </label>
		                  </c>
		                </itooltip>
                	</c>
                </icol>
                <icol id="icol36" desc="次数" from="col52">
                  <a width="50"></a>
                </icol>
              </c>
            </itable>
          </c>
        </div>
      </c>
    </div>
  </ctrls>
  <scripts>
    <script event="created">
      <list type="select" ds="ds45"></list>
      <list type="script">
        <value>
          <![CDATA[
					]]>
        </value>
      </list>
    </script>
    <script event="mounted">
      <list type="script">
        <value>
          <![CDATA[
					]]>
        </value>
      </list>
    </script>
  </scripts>
</root>