﻿<?xml version="1.0" encoding="utf-8"?>
<root maxid="57" desc="空白页">
  <inits>
    <init id="init1" desc="日期" type="request" arg="date"></init>
    <init id="area0" desc="地区后缀" type="request" arg="areasuffix"></init>
  </inits>
  <consts>
    <const id="title" desc="标题"></const>
  </consts>
  <datasources>
    <datasource id="ds354" desc="日告警趋势" db="MONITORSIGNAL" type="simple">
      <sql>
        <![CDATA[
		      SELECT A.RN, B.SIGCOUNT AS AV, A.SIGCOUNT AS BV FROM 
          (SELECT to_number(to_char(SIGNAL_TIME,'hh24')) AS RN, COUNT(1) AS SIGCOUNT FROM MONITORSIGNAL.TBSIGNALBASIS{{1}}
          WHERE SIGNAL_TIME BETWEEN TO_DATE ('2018-12-11','yyyy-mm-dd hh24:mi:ss') AND TO_DATE ('2018-12-12','yyyy-mm-dd hh24:mi:ss')
          GROUP BY to_number(to_char(SIGNAL_TIME,'hh24'))) A
          LEFT JOIN (
          	SELECT to_number(to_char(SIGNAL_TIME,'hh24')) AS RN, COUNT(1) AS SIGCOUNT FROM MONITORSIGNAL.TBSIGNALBASIS{{1}}
          		WHERE SIGNAL_TIME BETWEEN TO_DATE ('2018-12-11','yyyy-mm-dd hh24:mi:ss') AND TO_DATE ('2018-12-12','yyyy-mm-dd hh24:mi:ss')
          GROUP BY to_number(to_char(SIGNAL_TIME,'hh24'))) B ON A.RN = B.RN				]]>
      </sql>
      <cols>
        <col id="col1" desc="时间" name="datatime" from="init1"></col>
        <col id="colarea" desc="地区后缀" name="area0" from="area0"></col>
        <col id="col355" desc="RN" name="RN"></col>
        <col id="col356" desc="AV" name="AV"></col>
        <col id="col357" desc="BV" name="BV"></col>
      </cols>
    </datasource>
  </datasources>
  <ctrls>
    <div id="div0" desc="根容器">
      <a class="box" abc="echart4" def="file8"></a>
      <c>
        <label id="label11" desc="文字">
          <a class="bigLabel" value="日告警趋势"></a>
        </label>
        <div>
          <a class="bigecharts"></a>
          <c>
            <echart id="echart4" desc="图表" from="ds354">
              <a ref="echart4">
                <option>
                  <![CDATA[{"tooltip":false,
													"legend": {
													"selectedMode":false,
													"textStyle":{"color":"#6dc6d5"},
													},
													"grid": {
													"left": "3%",
													"right": "6%",
													"top": "15%",
													"bottom": "10%",
													"containLabel": "true"
													},
													"xAxis":[{"type":"category",
													"axisTick":false,
													"axisLabel":{"color":"#6dc6d5"},
													"nameTextStyle":{"color":"#6dc6d5"},
													"splitLine": {
													"lineStyle": {
													"color": ['#003140']
													}
													},
													"axisLine":{
													"lineStyle":{
													"color": "#003140"
													}
													}}],
													"yAxis":[{"type":"value",
													"axisTick":false,
													"axisLabel":{"color":"#6dc6d5"},
													"nameTextStyle":{"color":"#6dc6d5"},
													"splitLine": {
													"lineStyle": {
													"color": ['#003140']
													}
													},
													"axisLine":{
													"lineStyle":{
													"color": "#003140"
													}
													}}],
													"color" : [ '#0cffff', '#f15b34' ],
													"animation": false,
													"series":[{"name":"今日","type":"line","smooth": true,},{"name":"昨日","type":"line","smooth": true,}]}]]>
                </option>
              </a>
              <sa xaxis="col355"></sa>
              <c>
                <yaxis id="yaxis36" desc="今日" from="col356">
                  <a type="line"></a>
                </yaxis>
                <yaxis id="yaxis37" desc="昨日" from="col357">
                  <a type="line"></a>
                </yaxis>
              </c>
            </echart>
          </c>
        </div>
      </c>
    </div>
  </ctrls>
  <scripts>
    <script event="created">
      <list type="select" ds="ds354"></list>
      <list type="script">
        <value>
          <![CDATA[
					]]>
        </value>
      </list>
    </script>
    <script event="mounted">
      <list type="script">
        <value>
          <![CDATA[
					]]>
        </value>
      </list>
    </script>
  </scripts>
</root>