﻿<?xml version="1.0" encoding="utf-8"?>
<root maxid="57" desc="空白页">
  <inits>
    <init id="init1" desc="日期" type="request" arg="date"></init>
  </inits>
  <consts>
    <const id="title" desc="标题"></const>
  </consts>
  <datasources>
    <datasource id="ds354" desc="当日设备缺陷" db="MONITORSIGNAL" type="simple">
      <sql>
        <![CDATA[
          SELECT 1 AS RN, '' AS AV, '' AS BV FROM DUAL
				]]>
      </sql>
      <cols>
        <col id="col1" desc="时间" name="datatime" from="init1"></col>
        <col id="col355" desc="RN" name="RN"></col>
        <col id="col356" desc="AV" name="AV"></col>
        <col id="col357" desc="BV" name="BV"></col>
      </cols>
    </datasource>
  </datasources>
  <ctrls>
    <div id="div0" desc="根容器">
      <a class="box"></a>
      <c>
        <label id="label11" desc="文字">
          <a class="bigLabel" value="当日设备缺陷"></a>
        </label>
        <div>
          <a class="bigecharts"></a>
          <c>
          </c>
        </div>
      </c>
    </div>
  </ctrls>
  <scripts>
    <script event="created">
      <list type="select" ds="ds354"></list>
      <list type="script">
        <value>
          <![CDATA[
					]]>
        </value>
      </list>
    </script>
    <script event="mounted">
      <list type="script">
        <value>
          <![CDATA[
					]]>
        </value>
      </list>
    </script>
  </scripts>
</root>