﻿<?xml version="1.0" encoding="utf-8"?>
<root maxid="12" desc="空白页">
  <inits>
    <init id="area0" desc="地区后缀" type="config" arg="AreaSuffix"></init>
  </inits>
  <consts>
    <const id="const7" desc="快速定位标签组" arg="运行信息,#aRun,负荷曲线," type="2d" length="2"></const>
    <const id="mainHeight" desc="内容高度"></const>
    <const id="bodyHeight" desc="内容高度"></const>
    <const desc="选中设备" type="string" id="const12"></const>
  </consts>
  <datasources>
    <datasource id="ds0" desc="设备列表" db="MONITORSIGNAL" type="simple">
      <sql>
        <![CDATA[
        select devicestrid as deviceid,devicename,typename,deptdesc as stationname,voltagedesc as voltagename
from psgraph_data.tdevice{{0}} d
left join psgraph_data.tdepartment{{0}} t on d.ownerdepartidx=departidx
left join psgraph_data.tvoltage{{0}} v on t.voltageidx=v.voltageidx
left join psgraph_data.ttype p on d.typeidx=p.typeidx
where voltagedesc is not null and deptdesc is not null and p.typeidx=38--(p.typeidx=1 or p.typeidx=38)
        ]]>
      </sql>
      <cols>
        <col id="colarea" desc="地区后缀" name="area0" from="area0"></col>
        <col id="col0" desc="设备id" name="deviceid"></col>
        <col id="col1" desc="设备名称" name="devicename"></col>
        <col id="col2" desc="设备类型" name="typename"></col>
        <col id="col3" desc="变电站名称" name="stationname"></col>
        <col id="col4" desc="变电站电压等级" name="voltagename"></col>
      </cols>
    </datasource>
  </datasources>
  <ctrls>
    <div id="div0" desc="根容器">
      <a s_background-color="rgba(58, 67, 126, 1)" s_width="100%"></a>
      <c>
        <div id="divTopBar" desc="容器">
          <a s_background-color="rgba(58, 67, 126, 1)" s_height="60px" s_padding="5px" s_position="fixed" s_top="0" s_vertical-align="middle" s_width="100%" s_z-index="2"></a>
          <c>
            <label id="label4" desc="文字">
              <a value="快速定位标签：" s_color="white" s_font-size="22px" s_s_line-height="60px"></a>
            </label>
            <href id="href8" desc="超链接" loop="const7">
              <a s_background-image="url(/i/yunjian/link_def.png)" s_background-repeat="no-repeat" s_display="inline-block" s_height="32px" s_padding="5px" s_text-align="center" s_width="140px"></a>
              <sa href="const7_1"></sa>
              <c>
                <label id="labelLink">
                  <a s_color="white"></a>
                  <sa value="const7_0"></sa>
                </label>
              </c>
            </href>
          </c>
        </div>
        <div id="divPlaceHolder">
          <a s_height="60px"></a>
        </div>
        <div id="divBody" desc="容器">
          <a s_padding="5px" s_position="relative" s_width="100%"></a>
          <sa s_height="bodyHeight"></sa>
          <c>
            <div id="divTree">
              <a s_background-color="white" s_left="0" s_overflow="scroll" s_position="absolute" s_width="200px" s_z-index="1"></a>
              <sa s_height="mainHeight"></sa>
              <c>
                <itree id="itree9" desc="树控件" source="ds0">
                  <sa groupcols="col4,col3,col2" idcol="col0" titlecol="col1"></sa>
                </itree>
              </c>
            </div>
            <div id="divMain">
              <a ref="divMain" s_left="0" s_padding-left="210px" s_padding-right="310px" s_position="absolute" s_width="100%"></a>
              <sa s_height="mainHeight"></sa>
              <c>
                <subfile id="fileParameter" desc="设备参数">
                  <a file="/App_Data/design/parameter_trans"></a>
                  <sa fullpath="'天津.220kV八里台 #2主变'" devicename="'#2T'"></sa>
                </subfile>
                <subfile id="fileRunInfo" desc="运行信息">
                  <a file="/App_Data/design/runinfo_trans"></a>
                  <sa devicename="'#2T'"></sa>
                </subfile>
                <subfile id="fileCharts" desc="曲线图">
                  <a file="/App_Data/design/charts_trans"></a>
                </subfile>
                <subfile id="fileParameter3" desc="子文件">
                  <a file="/App_Data/design/parameter_trans"></a>
                </subfile>
                <subfile id="fileParameter4" desc="子文件">
                  <a file="/App_Data/design/parameter_trans"></a>
                </subfile>
                <subfile id="fileParameter5" desc="子文件">
                  <a file="/App_Data/design/parameter_trans"></a>
                </subfile>
                <subfile id="fileParameter6" desc="子文件">
                  <a file="/App_Data/design/parameter_trans"></a>
                </subfile>
              </c>
            </div>
            <div id="divRight">
              <a ref="divRight" s_background-color="white" s_float="right" s_position="absolute" s_right="0" s_width="300px"></a>
              <sa s_height="mainHeight"></sa>
              <c>
                <div id="divQrcode">
                  <a s_width="100%"></a>
                  <c>
                    <subfile id="subfile11" desc="二维码">
                      <a file="/App_Data/design/device_qrcode"></a>
                    </subfile>
                  </c>
                </div>
              </c>
            </div>
          </c>
        </div>
      </c>
    </div>
  </ctrls>
  <scripts>
    <script event="created">
      <list type="select" ds="ds0"></list>
    </script>
    <script event="mounted">
      <list type="script">
        <value>
          <![CDATA[
          var h = Math.max(this.$refs.divMain.clientHeight,this.$refs.divRight.clientHeight);
          this.mainHeight = h + "px";
          this.bodyHeight = (h + 10) + "px";
          ]]>
        </value>
      </list>
    </script>
  </scripts>
</root>