﻿<?xml version="1.0" encoding="utf-8"?>
<root maxid="36" desc="空白页">
  <inits>
    <init id="area0" desc="地区后缀" type="request" arg="areasuffix"></init>
  </inits>
  <consts>
    <const id="h0" desc="页面高度" arg="0" type="number"></const>
    <const id="year" desc="年份" arg="2018" type="number"></const>
    <const id="load" desc="数组" arg="0" type="number[]"></const>
    <const id="const7" desc="设备类型组" arg="本体,1,套管,2,冷却器系统,3,分接开关,4,非电量保护,5" type="2d" length="2"></const>
    <const id="title1" desc="标题"></const>
    <const id="title2" desc="标题"></const>
    <const id="selected" desc="选中类型" arg="1"></const>
  </consts>
  <datasources>
    <datasource id="ds0" desc="11" db="MONITORSIGNAL" type="simple" sql="select * from  B_AKOUFEN">
      <cols>
        <col id="col3" desc="ID" name="ID"></col>
        <col id="col14" desc="TYPE" name="TYPE"></col>
        <col id="col15" desc="MARKS" name="MARKS"></col>
      </cols>
    </datasource>
    <datasource id="ds29" desc="多选框" db="MONITORSIGNAL" type="simple" sql="select  * from B_AKOUFENTYPE">
      <cols>
        <col id="col30" desc="ID" name="ID"></col>
        <col id="col31" desc="TYPENAME" name="TYPENAME"></col>
      </cols>
    </datasource>
  </datasources>
  <ctrls>
    <div id="div0" desc="根容器">
      <a class="tjPdpTableWrapper" s_background-color="#575757" s_height="h0" s_width="100%"></a>
      <c>
        <div id="div2" desc="容器">
          <a class="fbac tjPdpTableTitleWrapper" s_padding-left="30px"></a>
          <c>
            <div id="div2">
              <c>
                <button id="button1" desc="默认按钮" loop="const7">
                  <a type="button" class="tPdpBtn ml10"></a>
                  <sa ref="const7_1" value="const7_0"></sa>
                  <e>
                    <onclick args="item_button1">
                      <list type="script" value="this.select();this.selected = item_button1[1];"></list>
                      <list type="select" ds="ds0"></list>
                    </onclick>
                  </e>
                </button>
              </c>
            </div>
          </c>
        </div>
        <div id="div3" desc="容器">
          <a s_border-color="#ffffff" s_border-width="3px" s_float="left" s_height="90%" s_padding="5px" s_width="70%"></a>
          <c>
            <div id="div5" desc="容器">
              <a s_padding="5px"></a>
              <c>
                <label id="label6" desc="文字">
                  <a class="fcac" s_color="white" s_font-size="18px" s_font-weight="600" s_padding="15px"></a>
                  <sa value="title1"></sa>
                </label>
              </c>
            </div>
            <div id="div16" desc="容器">
              <a class="divWrapper1" s_border-left-color="#575757" s_color="white" s_height="90%" s_overflow="auto" s_padding-left="70px"></a>
              <c>
                <button id="button33" desc="默认按钮">
                  <a type="button" value="返回" class="pdpBtnDefault" s_float="right"></a>
                  <e>
                    <onclick>
                      <list type="script" value="this.return();"></list>
                    </onclick>
                  </e>
                </button>
                <button id="button34" desc="默认按钮">
                  <a type="button" value="保存" class="pdpBtnDefault" s_float="right"></a>
                </button>
                <loop id="loop21" desc="循环显示" from="ds0">
                  <c>
                    <label id="label26" desc="文字" from="col3">
                      <a class="pdpLabel" value="文字" s_color="white" s_font-size="18px"></a>
                    </label>
                    <label id="label22" desc="文字" from="col14">
                      <a class="pdpLabel" value="文字" s_color="white" s_font-size="18px"></a>
                    </label>
                    <div id="div23" desc="容器">
                      <a s_padding="5px" s_width="35%"></a>
                      <c>
                        <icheckbox id="icheckbox35" desc="复选框">
                          <a label="复选框"></a>
                          <c>
                            <label id="label36" desc="文字">
                              <a class="pdpLabel" value="（-0）状态正常" s_color="white" s_font-size="14px"></a>
                            </label>
                          </c>
                        </icheckbox>
                        <icheckbox id="icheckbox37" desc="复选框">
                          <a label="复选框"></a>
                          <c>
                            <label id="label38" desc="文字">
                              <a class="pdpLabel" value="（-2）短路阻抗与原始值的有差异，但偏差小于2%" s_color="white" s_font-size="14px"></a>
                            </label>
                          </c>
                        </icheckbox>
                        <icheckbox id="icheckbox39" desc="复选框">
                          <a label="复选框"></a>
                          <c>
                            <label id="label40" desc="文字">
                              <a class="pdpLabel" s_color="white" s_font-size="14px">
                                <value><![CDATA[（-4）短路阻抗与原始值的差异>2%，但小于2.5%]]></value>
                              </a>
                            </label>
                          </c>
                        </icheckbox>
                        <icheckbox id="icheckbox41" desc="复选框">
                          <a label="复选框"></a>
                          <c>
                            <label id="label42" desc="文字">
                              <a class="pdpLabel" s_color="white" s_font-size="14px">
                                <value><![CDATA[（-8）短路阻抗与原始值的差异>2.5%,但小于2.5%]]></value>
                              </a>
                            </label>
                          </c>
                        </icheckbox>
                      </c>
                    </div>
                    <div id="div108" desc="容器">
                      <a s_height="30px" s_padding="5px"></a>
                      <c>
                        <hr id="hr110" desc="横线">
                          <a color="#454545" s_width="100%"></a>
                        </hr>
                      </c>
                    </div>
                  </c>
                </loop>
              </c>
            </div>
          </c>
        </div>
        <div id="div4" desc="容器">
          <a s_border-color="#fff" s_float="right" s_padding="5px" s_width="30%"></a>
          <c>
            <div id="div7" desc="容器">
              <a s_padding="5px"></a>
              <c>
                <label id="label8" desc="文字">
                  <a class="fcac" s_color="white" s_font-size="18px" s_font-weight="600" s_padding="15px"></a>
                  <sa value="title2"></sa>
                </label>
              </c>
            </div>
            <div id="div9" desc="容器">
              <a s_padding="20px"></a>
              <c>
                <div id="div35" desc="容器">
                  <a s_height="37px" s_padding="5px"></a>
                  <c>
                    <label id="label10" desc="文字">
                      <a class="pdpLabel" value="实验数据扣分：" s_color="white" s_padding-bottom="15px"></a>
                    </label>
                  </c>
                </div>
                <div id="div36" desc="容器">
                  <a s_height="90%" s_padding="5px"></a>
                  <c>
                    <itable id="itable11" desc="itable表格" from="ds0">
                      <a _bindborder="true" stripe="false" class="tjPdpTable1"></a>
                      <sa stripe="true"></sa>
                      <c>
                        <icol id="icol12" desc="状态量名称" from="col14"></icol>
                        <icol id="icol13" desc="扣分值" from="col15"></icol>
                      </c>
                    </itable>
                  </c>
                </div>
              </c>
            </div>
          </c>
        </div>
      </c>
    </div>
  </ctrls>
  <scripts>
    <script event="created">
      <list type="select" ds="ds0"></list>
      <list type="script">
        <value>
          <![CDATA[ 
          	this.select = function(){
          		var obj = event.target;
          		$(obj).addClass("tPdpBtnSelect").siblings().removeClass("tPdpBtnSelect");
          	}
            this.h0 = document.documentElement.clientHeight - 48 -53 -10;
        
            this.title1 = "1#主变扣分情况"; 
            this.title2 = "主变本体" + " " + "手动扣分项参考";
            
            this.return = function(){
            var node = nodes[0];
            window.location.href = "deductmarkstop.html" ;
            }
           
          ]]>
        </value>
      </list>
    </script>
    <script event="mounted">
      <list type="script">
        <value>
          <![CDATA[ 
          ]]>
        </value>
      </list>
    </script>
  </scripts>
</root>