﻿<?xml version="1.0" encoding="utf-8"?>
<root maxid="31" desc="空白页">
  <inits>
    <init id="init1" desc="设备id" type="request" arg="deviceid"></init>
    <init id="init2" desc="设备名称" type="request" arg="devicename"></init>
    <init id="init3" desc="变电站" type="request" arg="staname"></init>
    <init id="init4" desc="类型" type="request" arg="type"></init>
  </inits>
  <consts>
    <const id="starttime" desc="开始时间" arg="d" type="time"></const>
    <const id="endtime" desc="结束时间" arg="d,d,1" type="time"></const>
    <const id="title" desc="标题"></const>
  </consts>
  <datasources>
    <datasource id="ds0" desc="设备列表" db="MONITORSIGNAL" type="simple">
      <sql>
        <![CDATA[
        --设备缺陷
          select STARTTIME,DEFECTLEVEL,DESCRIBE,endtime,ceil((diffdate) * 24 * 60 ), 
          case when ceil((diffdate) * 24 * 60 )<'60' then ceil((diffdate) * 24 * 60 )||'分' 
          when ceil((diffdate) * 24 )<'24' then ceil((diffdate) * 24 )||'小时' 
          when ceil((diffdate) * 24 )>'24' then ceil(diffdate)||'天' else '0' end as diffdate
          from (
          SELECT STARTTIME, PART, PARTTYPE, "POSITION", CASE WHEN DEFECTLEVEL = 2 THEN '一般' WHEN DEFECTLEVEL = 1 THEN '严重' ELSE '危急' END AS DEFECTLEVEL, DESCRIBE, DATAFROM,ENDTIME,
          to_date(to_char(endtime,'yyyy-mm-dd hh24:mi:ss'),'yyyy-mm-dd hh24-mi-ss')-to_date(to_char(starttime,'yyyy-mm-dd hh24:mi:ss'),'yyyy-mm-dd hh24-mi-ss') as diffdate
          FROM MONITORSIGNAL.TDEVICEDEFECT A
          WHERE A.DEVICEIDX = {0} AND STARTTIME BETWEEN {1} AND {2}
          ORDER BY STARTTIME) o
        ]]>
      </sql>
      <cols>
        <col id="col0" desc="设备id" name="deviceid" from="init1"></col>
        <col id="col_starttime" desc="开始时间" name="starttime" from="starttime"></col>
        <col id="col_endtime" desc="结束时间" name="endtime" from="endtime"></col>
        <col id="col6" desc="发现时间" name="STATE"></col>
        <col id="col10" desc="缺陷等级" name="DEFECTLEVEL"></col>
        <col id="col11" desc="缺陷内容" name="DESCRIBE"></col>
        <col id="col12" desc="来源" name="DATAFROM"></col>
        <col id="col13" desc="结束时间" name="ENDTIME"></col>
        <col id="col14" desc="持续时间" name="diffdate"></col>

      </cols>
    </datasource>
  </datasources>
  <ctrls>
    <div id="div0" desc="根容器">
      <a class="divBox"></a>
      <c>
        <div id="div2" desc="容器">
          <a class="divBoxTitleWrapper"></a>
          <c>
            <label id="label7" desc="文字">
              <a id="aDefect" class="divBoxTitle"></a>
              <sa value="title"></sa>
            </label>
          </c>
        </div>
        <div id="div21" desc="容器">
          <a class="feac mb10"></a>
          <c>
            <time id="time25" desc="时间" from="starttime">
              <a disstyle="111000" dtstyle="1"></a>
            </time>
            <label id="label26" desc="文字">
              <a class="pdpLabel" value="--"></a>
            </label>
            <time id="time27" desc="时间" from="endtime">
              <a disstyle="111000" dtstyle="1"></a>
            </time>
            <button id="button28" desc="默认按钮">
              <a type="button" value="搜索" class="tPdpSeaBtn ml10"></a>
              <e>
                <onclick>
                  <list type="script" value="this.starttime=this.time25;this.endtime=this.time27;"></list>
                  <list type="select" ds="ds0" async="true"></list>
                </onclick>
              </e>
            </button>
          </c>
        </div>
        <scrolltable id="scrolltable14" desc="滚动表格" from="ds0">
          <a s_width="100%" class="tjPdpTable"></a>
          <sa stripe="true" item-height="40"></sa>
          <c>
            <icol id="icol15" desc="序号">
              <a width="50" key="index"></a>
            </icol>
            <icol id="icol17" desc="缺陷发现时间" from="col6">
              <a width="80"></a>
            </icol>
            <icol id="icol22" desc="缺陷程度" from="col10">
              <a width="80"></a>
            </icol>
            <icol id="icol21" desc="缺陷内容" from="col11">
              <a align="center"></a>
            </icol>
            <icol id="icol18" desc="计划完成时间" from="col13">
              <a width="80"></a>
            </icol>
            <icol id="icol19" desc="开始处理时间" from="col6">
              <a width="80"></a>
            </icol>
            <icol id="icol20" desc="实际完成时间" from="col14">
              <a width="80"></a>
            </icol>
            
            
            <icol id="icol26" desc="持续时长" from="col12">
              <a width="75"></a>
            </icol>
          </c>
        </scrolltable>
      </c>
    </div>
  </ctrls>
  <scripts>
    <script event="created">
      <list type="script">
        <value>
          <![CDATA[ 
          if(this.init4=="dlq")
          {
            this.title = "断路器" + this.init2 + "相关设备缺陷";
          }else{
            this.title = this.init2 + "相关设备缺陷";
          }
           
          ]]>
        </value>
      </list>
      <list type="select" ds="ds0" async="true"></list>
    </script>
    <script event="mounted"></script>
  </scripts>
</root>