﻿<?xml version="1.0" encoding="utf-8"?>
<root maxid="28" desc="空白页">
  <inits>
    <init id="init1" desc="设备id" type="request" arg="deviceid"></init>
    <init id="init2" desc="设备名称" type="request" arg="devicename"></init>
    <init id="init3" desc="变电站" type="request" arg="staname"></init>
    <init id="init4" desc="全路径" type="request" arg="fullpath"></init>
  </inits>
  <consts>
    <const id="const11" desc="语句" type="string"></const>
    <const id="starttime" desc="开始时间" arg="d" type="time"></const>
    <const id="endtime" desc="结束时间" arg="d,d,1" type="time"></const>
  </consts>
  <datasources>
    <datasource id="ds0" desc="越限数据" db="MONITORSIGNAL" type="simple">
      <sql>
        <![CDATA[
        select MEASTYPE as signal,COUNT(1) as signalcount,MAX(STARTTIME) as signaltime 
        from "MONITORSIGNAL"."TBYCOVEREVENT" 
        WHERE DEVICENAME={0} AND starttime<={2} AND endtime>{1}
        GROUP BY MEASTYPE
        ]]>
      </sql>
      <cols>
        <col id="col0" desc="设备id" name="deviceid" from="init4"></col>
        <col id="col_starttime" desc="开始时间" name="starttime" from="starttime"></col>
        <col id="col_endtime" desc="结束时间" name="endtime" from="endtime"></col>
        <col id="col1" desc="设备id" name="signal"></col>
        <col id="col2" desc="设备名称" name="signalcount"></col>
        <col id="col3" desc="设备名称" name="signaltime"></col>
      </cols>
    </datasource>
  </datasources>
  <ctrls>
    <div id="div0" desc="根容器">
      <a class="divBox"></a>
      <c>
        <div id="div2" desc="容器">
          <a class="divBoxTitleWrapper"></a>
          <c>
            <label id="label7" desc="文字">
              <a class="divBoxTitle" value="历史越限信息"></a>
            </label>
          </c>
        </div>
        <div id="div21" desc="容器">
          <a class="feac mb10"></a>
          <c>
            <time id="time25" desc="时间" from="starttime">
              <a disstyle="111000" dtstyle="1"></a>
            </time>
            <label id="label26" desc="文字">
              <a class="pdpLabel" value="--"></a>
            </label>
            <time id="time27" desc="时间" from="endtime">
              <a disstyle="111000" dtstyle="1"></a>
            </time>
            <button id="button28" desc="默认按钮">
              <a type="button" value="搜索" class="tPdpSeaBtn ml10"></a>
              <e>
                <onclick>
                  <list type="select" ds="ds0" async="true"></list>
                </onclick>
              </e>
            </button>
          </c>
        </div>
        <scrolltable id="scrolltable14" desc="滚动表格" from="ds0">
          <a s_width="100%" class="tjPdpTable"></a>
          <sa stripe="true"></sa>
          <c>
            <icol id="icol16" desc="告警内容" from="col1">
              
            </icol>
            <icol id="icol17" desc="发生次数" from="col2">
            	<a width="60"></a>
            </icol>
            <icol id="icol18" desc="最近一次发生告警时间" from="col3">
              <a width="140"></a>
            </icol>
          </c>
        </scrolltable>
      </c>
    </div>
  </ctrls>
  <scripts>
    <script event="created">
      <list type="select" ds="ds0" async="true"></list>
      <list type="script">
        <value><![CDATA[this.const11 = "最近半年"+this.init3+" "+this.init2+"主站端告警情况：";]]></value>
      </list>
    </script>
    <script event="mounted"></script>
  </scripts>
</root>