﻿<?xml version="1.0" encoding="utf-8"?>
<root maxid="29" desc="空白页">
  <inits>
    <init id="init1" desc="设备id" type="request" arg="deviceid"></init>
    <init id="init2" desc="设备名称" type="request" arg="devicename"></init>
    <init id="init3" desc="变电站" type="request" arg="staname"></init>
    <init id="init4" desc="全路径" type="request" arg="fullpath"></init>
    <init id="area0" desc="地区后缀" type="request" arg="areasuffix"></init>  
  </inits>
  <consts>
    <const id="starttime" desc="开始时间" arg="d" type="time"></const>
    <const id="endtime" desc="结束时间" arg="d,d,1" type="time"></const>
    <const id="c0" desc="数据表" arg="MONITORSIGNAL.TBSIGNALBASIS" type="string"></const>
    <const id="table" desc="table后缀" type="string"></const>
    <const id="ACCIDENTID" desc="事件id" arg="" type="string"></const>
    <const id="show1" desc="对话框是否显示" arg="false" type="bool"></const>
    <const id="title1" desc="事件标题" arg="" type="string"></const>
    <const id="strStation" desc="变电站查询条件" type="string"></const>
    <const id="strOrder" desc="排序方式查询条件" type="string"></const>
  </consts>
  <datasources>
    <datasource id="ds1" desc="设备列表" db="MONITORSIGNAL" type="simple">
      <sql>
        <![CDATA[
        --变压器跳闸记录
        select realsignalid AS EventID,HAPPENTIME,DEVICENAME||'跳闸',LOSTSIGNAL from "MONITORSIGNAL".TJUMPMSG{{3}}
        WHERE DEVICENAME={0} AND happentime>={1} AND happentime<{2}
        ORDER BY happentime DESC
        ]]>
      </sql>
      <cols>
        <col id="col0" desc="设备id" name="deviceid" from="init4"></col>
        <col id="col_starttime" desc="开始时间" name="starttime" from="starttime"></col>
        <col id="col_endtime" desc="结束时间" name="endtime" from="endtime"></col>
        <col id="colarea" desc="地区后缀" name="area0" from="area0"></col>
        <col id="col7" desc="记录ID" name="EventID"></col>
        <col id="col4" desc="发生时间" name="happentime"></col>
        <col id="col5" desc="跳闸事件" name="lostsignalevent"></col>
        <col id="col6" desc="跳闸过程" name="lostsignal"></col>
      </cols>
    </datasource>
    <datasource id="ds3" desc="信息数量" db="MONITORSIGNAL" type="simple">
      <sql>
        <![CDATA[
        --信息数量          
          SELECT a.happentime,t.deptdesc, CUSTOMIZED_GROUP,b.SIGNAL_NAME  
          FROM MONITORSIGNAL.TJUMPMSG{{0}} A
          JOIN ({{3}}) b
          ON a.ACCIDENTID = b.ownerevent AND b.REASON_ID = 3
          JOIN PSGRAPH_DATA.TDEVICE{{0}} D ON A.DEVICENAME = D.DEVICENAME
          JOIN PSGRAPH_DATA.TDEPARTMENT{{0}} T ON D.OWNERDEPARTIDX = T.DEPARTIDX
          WHERE OWNEREVENT={4} and a.DEVICENAME={5}
          AND HAPPENTIME BETWEEN {1} AND {2}
          ORDER BY happentime
				]]>
      </sql>
      <cols>
        <col id="colarea0" desc="地区后缀" name="area0" from="area0"></col>
        <col id="col10" desc="条件0" name="条件0" from="starttime"></col>
        <col id="col20" desc="条件1" name="条件1" from="endtime"></col>
        <col id="coltable0" desc="表" name="table" from="table"></col>
        <col id="ACCIDENTID" desc="事件id" name="ACCIDENTID" from="ACCIDENTID"></col>
        <col id="col0" desc="设备id" name="deviceid" from="init4"></col>
        <col id="col170" desc="happentime" name="happentime"></col>
        <col id="col150" desc="DEVICEDESC" name="DEVICEDESC"></col>
        <col id="col160" desc="CUSTOMIZED_GROUP" name="CUSTOMIZED_GROUP"></col>
        <col id="col130" desc="SIGNAL_NAME" name="SIGNAL_NAME"></col>
      </cols>
    </datasource>
    <datasource id="ds0" desc="当日跳闸情况排行详情" db="MONITORSIGNAL" type="simple">
      <sql>
        <![CDATA[
        --当日跳闸情况排行详情
          SELECT a.happentime,a.devicename||'跳闸' AS JUMP,a.LOSTSIGNAL,count(*) AS NUM,a.ACCIDENTID
          FROM MONITORSIGNAL.TJUMPMSG{{0}} A
          JOIN ({{3}}) b 
          ON a.ACCIDENTID = b.ownerevent AND b.REASON_ID = 3
          JOIN PSGRAPH_DATA.TDEVICE{{0}} D ON A.DEVICENAME = D.DEVICENAME
          JOIN PSGRAPH_DATA.TDEPARTMENT{{0}} T ON D.OWNERDEPARTIDX = T.DEPARTIDX
          WHERE HAPPENTIME BETWEEN {1} AND {2}  and a.DEVICENAME={4}
          GROUP BY a.happentime,a.devicename,a.LOSTSIGNAL,a.ACCIDENTID
          ORDER BY happentime
				]]>
      </sql>
      <cols>
        <col id="colarea" desc="地区后缀" name="area0" from="area0"></col>
        <col id="col1" desc="条件0" name="条件0" from="starttime"></col>
        <col id="col2" desc="条件1" name="条件1" from="endtime"></col>
        <col id="coltable" desc="表" name="table" from="table"></col>
        <col id="col0" desc="设备id" name="deviceid" from="init4"></col>
        <col id="col17" desc="happentime" name="happentime"></col>
        <col id="col16" desc="JUMP" name="JUMP"></col>
        <col id="col13" desc="LOSTSIGNAL" name="LOSTSIGNAL"></col>
        <col id="col14" desc="NUM" name="NUM"></col>
        <col id="col140" desc="ACCIDENTID" name="ACCIDENTID"></col>
      </cols>
    </datasource>

  </datasources>
  <dlls>
    <dll id="dll_table1" desc="获取数据表" dllid="SmartSignal:SmartSignal.Main.GetTableList">
      <inputs>
        <input id="arg0" desc="表名" from="c0"></input>
        <input id="arg1" desc="开始时间" from="starttime"></input>
        <input id="arg2" desc="结束时间" from="endtime"></input>
        <input id="arg3" desc="地区后缀" from="area0"></input>
      </inputs>
      <outputs>
        <output id="tablename" desc="数据表名"></output>
      </outputs>
    </dll>
  </dlls>
  <ctrls>
    <div id="div0" desc="根容器">
      <a class="divBox"></a>
      <c>
        <div id="div2" desc="容器">
          <a class="divBoxTitleWrapper"></a>
          <c>
            <label id="label7" desc="文字">
              <a id="aBreak" class="divBoxTitle" value="事故跳闸记录"></a>
            </label>
          </c>
        </div>
        <div id="div21" desc="容器">
          <a class="feac mb10"></a>
          <c>
            <time id="time25" desc="时间" from="starttime">
              <a disstyle="111000" dtstyle="1"></a>
            </time>
            <label id="label26" desc="文字">
              <a class="pdpLabel" value="--"></a>
            </label>
            <time id="time27" desc="时间" from="endtime">
              <a disstyle="111000" dtstyle="1"></a>
            </time>
            <button id="button28" desc="默认按钮">
              <a type="button" value="搜索" class="tPdpSeaBtn ml10"></a>
              <e>
                <onclick>
                  <list type="script" value="this.starttime=this.time25;this.endtime=this.time27;this.invoke_dll_table1();this.table = this.tablename;"></list>
                  <list type="select" ds="ds0" async="true"></list>
                </onclick>
              </e>
            </button>
          </c>
        </div>
        <div>
        <c>
        <imodal id="imodal" desc="imodal" from="show1">
          <a width="800" title="告警信号详情" ></a>
          <sa  footer-hide="true"></sa>
          <c>            
                      
            <div id="div37">
              <a class="feac " s_flex-wrap="wrap"></a>
              <c>
                <div id="div2" desc="容器">
                  <a s_padding="5px"></a>
                  <c>
                     <scrolltable id="scrolltable990" desc="滚动表格" from="ds3">
              <a ref="scrolltable990"></a>
              <sa stripe="true" border="true" height="400" item-height="53"></sa>
              <c>
                <icol id="icol290" desc="序号">
                  <a width="50" key="index"></a>
                </icol>
                <icol id="icol330" desc="发生时间" from="col170">
                  <a width="150"></a>
                </icol>
                <icol id="icol320" desc="变电站" from="col150">
                  <a width="100"></a>
                </icol>
                <icol id="icol3010" desc="告警类别" from="col160">
                  <a width="100"></a>
                </icol>
                <icol id="icol310" desc="告警信息" from="col130">
                  <a minWidth="100"></a>
                </icol>
              </c>
            </scrolltable>
                  </c>
                </div>
              </c>
            </div>
          </c>
        </imodal>
        </c>
        </div>
        <scrolltable id="scrolltable14" desc="滚动表格" from="ds0">
          <a s_width="100%" class="tjPdpTable"></a>
          <sa stripe="true"></sa>
          <c>
            <icol id="icol16" desc="发生时间" from="col17">
              <a width="150"></a>
            </icol>
            <icol id="icol17" desc="跳闸事件" from="col16">
              <a align="center"></a>
            </icol>
            <icol id="icol18" desc="跳闸过程" from="col13">
              <a align="center"></a>
            </icol>
            <icol id="icol19" desc="信息条数" from="col14">
              <a align="center"></a>
               <c>
                  <href id="href2" desc="超链接">
                    <e>
                      <onclick>
                        <list type="script" value="this.showDetail(this.params.row.EventID);"></list>
                      </onclick>
                    </e>
                    <c>
                      <label id="label2" desc="文字">
                        <a value="col14"></a>
                      </label>
                    </c>
                  </href>
                </c>
            </icol>
          </c>
        </scrolltable>
      </c>
    </div>
  </ctrls>
  <scripts>
    <script event="created">  
    <list type="select" ds="ds1"></list>   
      <list type="script">
        <value><![CDATA[
           var now = new Date();
           this.starttime = Ysh.Time.formatString(Ysh.Time.toString(now, true, false), 111000) + " 00:00:00";          
           this.endtime = Ysh.Time.formatString(Ysh.Time.toString(now, true, false), 111000) + " 23:59:59";
           this.invoke_dll_table1();
           this.table = this.tablename;
           this.select_ds0();
           this.showDetail = function(r)
            {
               this.show0 = true;
               this.$refs.scrolltable990.resize();
               this.ACCIDENTID = r;
               this.select_ds3();
               
            }
         ]]></value>
      </list>
    </script>
    <script event="mounted">
      <list type="script">
        <value><![CDATA[
        /*this.showDetail = function(eventid){
              this.e = eventid;
              this.select_ds_data();
              this.show1 = true;
          }*/
         ]]></value>
      </list>
    </script>
  </scripts>
</root>