﻿<?xml version="1.0" encoding="utf-8"?>
<root maxid="16" desc="设备档案">
  <inits>
    <init id="area0" desc="地区后缀" type="config" arg="AreaSuffix"></init>
  </inits>
  <consts>
    <const id="const7" desc="快速定位标签组" arg="变压器,#aT,断路器,#aB" type="2d" length="2"></const>
    <const id="const8" desc="电压等级" arg="500kV,500,220kV,220,110kV,110,35kV,35" type="2d" length="2"></const>
    <const id="const12" desc="选中设备" type="string"></const>
    <const id="mainHeight" desc="内容高度"></const>
    <const id="deviceurl" desc="档案地址"></const>
  </consts>
  <datasources>
    <datasource id="ds0" desc="设备列表" db="PSGRAPH_DATA" type="simple">
      <sql>
        <![CDATA[
          select devicestrid as deviceid,devicedesc as devicename,typename,deptdesc as stationname,v.voltagedesc as voltagename,v1.voltagedesc as voltagename1
          from tdevice{{0}} d
          left join tdepartment{{0}} t on d.ownerdepartidx=departidx
          left join tvoltage{{0}} v on t.voltageidx=v.voltageidx
          LEFT JOIN tvoltage{{0}} v1 on d.voltageidx=v1.voltageidx
          left join ttype p on d.typeidx=p.typeidx
          where 1 <> 1
          ORDER BY v.voltagevalue desc, deptdesc, v1.voltagevalue desc, devicedesc
        ]]>
      </sql>
      <cols>
        <col id="colarea" desc="地区后缀" name="area0" from="area0"></col>
        <col id="col0" desc="设备id" name="deviceid"></col>
        <col id="col1" desc="设备名称" name="devicename"></col>
        <col id="col2" desc="设备类型" name="typename"></col>
        <col id="col3" desc="变电站名称" name="stationname"></col>
        <col id="col4" desc="变电站电压等级" name="voltagename"></col>
        <col id="col5" desc="设备电压等级" name="voltagename1"></col>
      </cols>
    </datasource>
  </datasources>
  <ctrls>
    <div id="div0" desc="根容器">
      <a s_height="100%" s_width="100%"></a>
      <c>
        <div id="divTopBar" desc="容器">
          <a class="topBarWrapper"></a>
          <c>
            <href id="href8" desc="超链接" loop="const7">
              <a class="topBarItem"></a>
              <sa href="const7_1"></sa>
              <c>
                <label id="labelLink">
                  <a s_color="white"></a>
                  <sa value="const7_0"></sa>
                </label>
              </c>
              <e>
                <onclick args="item_href8">
                  <list type="script" value="this.flyTo(item_href8);this.select();"></list>
                </onclick>
              </e>
            </href>
          </c>
        </div>
        <div id="div21" desc="容器">
          <a class="fsac" s_background="#fff" s_padding="10px"></a>
          <c>
            <label id="label40" desc="文字">
              <a class="pdpLabel" s_color="#282828" value="电压等级："></a>
            </label>
            <href id="href9" desc="超链接" loop="const8">
              <a class="btnGroup"></a>
              <c>
                <label id="labelLink">
                  <a s_color="white"></a>
                  <sa value="const8_0"></sa>
                </label>
              </c>
              <e>
                <onclick args="item_href9">
                  <list type="script" value="this.flyTo(item_href9);this.select();"></list>
                </onclick>
              </e>
            </href>
            <button id="button28" desc="默认按钮">
              <a type="button" value="搜索" class="tPdpSeaBtn ml10"></a>
              <e>
                <onclick>
                  <list type="select" ds="ds0" async="true"></list>
                </onclick>
              </e>
            </button>
          </c>
        </div>
        <div id="divBody" desc="容器">
          <a s_height="calc(100% - 102px)" s_display="flex" s_width="100%"></a>
          <c>
            <div id="divMain">
              <a ref="divMain" s_background-color="white" s_font-size="0" s_height="100%" s_width="100%"></a>
              <c>
                <scrolltable id="scrolltable14" desc="滚动表格" from="ds0">
                  <a s_width="100%" class="tjPdpTable"></a>
                  <sa stripe="true"></sa>
                  <c>
                    <icol id="icol16" desc="评分" from="col4"></icol>
                    <icol id="icol17" desc="健康状态" from="col5"></icol>
                    <icol id="icol18" desc="设备编号" from="col5"></icol>
                    <icol id="icol19" desc="扣分内容" from="col5"></icol>
                    <icol id="icol20" desc="操作">
                      <a width="150"></a>
                      <c>
                        <href id="href30" desc="超链接">
                          <a href="#"></a>
                          <e>
                            <onclick>
                              <list type="script">
                                <value>
                                  <![CDATA[alert("打开检修票：" + this.params.row.jxid);return false;]]>
                                </value>
                              </list>
                            </onclick>
                          </e>
                          <c>
                            <label id="label31" desc="文字">
                              <a value="查看设备档案"></a>
                            </label>
                          </c>
                        </href>
                      </c>
                    </icol>
                  </c>
                </scrolltable>
              </c>
            </div>
          </c>
        </div>
      </c>
    </div>
  </ctrls>
  <scripts>
    <script event="created">
      <list type="select" ds="ds0"></list>
      <list type="script">
        <![CDATA[
        this.devices = Ysh.Object.clone(this.ds0);
        this.filterStation = function() {
           var s = this.text15;
           if (s == "") {
             this.ds0 = Ysh.Object.clone(this.devices);
             return;
           }
           var arr = [];
           for (var i = 0;i < this.devices.length;i++) {
              var d = this.devices[i];
              if (d[3].indexOf(s) >= 0) {
                arr.push(d);
              }
           }
           this.ds0 = arr;
        }
           this.flyTo = function(s) {
            if (typeof frm0.flyTo == "function")
              frm0.flyTo(s[1]);
           }
           this.select = function(){
          	var obj = event.target;
          	if(obj.nodeName == "SPAN"){
          		$(obj).parent().siblings().removeClass("topBarItemSelect");
          		$(obj).parent().addClass("topBarItemSelect");
          	}else{
          		$(obj).siblings().removeClass("topBarItemSelect");
          		$(obj).addClass("topBarItemSelect")
          	}
          }
        ]]>
      </list>
    </script>
    <script event="mounted">
      <list type="script">
        <value>
          <![CDATA[
          var h = this.$refs.divMain.clientHeight;
          this.mainHeight = h + "px";
          var vm = this;
          window.onresize = function() {
          var h = vm.$refs.divMain.clientHeight;
          vm.mainHeight = h + "px";
          }
          ]]>
        </value>
      </list>
    </script>
  </scripts>
</root>