﻿<?xml version="1.0" encoding="utf-8"?>
<root maxid="28" desc="空白页">
  <inits>
    <init id="init1" desc="设备id" type="request" arg="deviceid"></init>
    <init id="init2" desc="设备名称" type="request" arg="devicename"></init>
    <init id="init3" desc="变电站" type="request" arg="staname"></init>
    <init id="init4" desc="全路径" type="request" arg="fullpath"></init>
    <init id="area0" desc="地区后缀" type="request" arg="areasuffix"></init>
  </inits>
  <consts>
    <const id="const11" desc="语句" type="string"></const>
    <const id="starttime" desc="开始时间" type="time" arg="d"></const>
    <const id="endtime" desc="结束时间" type="time" arg="d,d,1"></const>
    <const id="t0" desc="开始时间" type="string"></const>
    <const id="t1" desc="结束时间" type="string"></const>
    <const id="strtable" type="string"></const>
    <const id="c0" desc="数据表" arg="MONITORSIGNAL.TBSIGNALBASIS" type="string"></const>
  </consts>
  <datasources>
    <datasource id="ds0" desc="告警信息" db="MONITORSIGNAL" type="simple">
      <sql>
        <![CDATA[
        SELECT SIGNAL_NAME AS signal,count(1) AS signalcount,MAX(SIGNAL_TIME) AS signaltime,
        CASE CUSTOMIZED_GROUP when '0' then '事故' when '1' then '异常' when '3' then '变位' 
              when '4' then '告知' else null end as SIGNALTYPE FROM ({{3}})A
        WHERE devicename={0} AND SIGNAL_TIME>={1} AND SIGNAL_TIME<{2}
        GROUP BY SIGNAL_NAME,CUSTOMIZED_GROUP
        ]]>
      </sql>
      <cols>
        <col id="col0" desc="设备id" name="deviceid" from="init4"></col>
        <col id="col_starttime" desc="开始时间" name="starttime" from="starttime"></col>
        <col id="col_endtime" desc="结束时间" name="endtime" from="endtime"></col>
        <col id="colarea" desc="地区后缀" name="area0" from="strtable"></col>
        <col id="col1" desc="设备id" name="signal"></col>
        <col id="col2" desc="设备名称" name="signalcount"></col>
        <col id="col3" desc="设备名称" name="signaltime"></col>
        <col id="col4" desc="告警分级" name="SIGNALTYPE"></col>
      </cols>
    </datasource>
  </datasources>
  <dlls>
    <dll id="dll_table" desc="获取数据表" dllid="SmartSignal:SmartSignal.Main.GetTableList">
      <inputs>
        <input id="arg0" desc="表名" from="c0"></input>
        <input id="arg1" desc="开始时间" from="starttime"></input>
        <input id="arg2" desc="结束时间" from="endtime"></input>
        <input id="arg3" desc="地区" from="area0"></input>
      </inputs>
      <outputs>
        <output id="tablename" desc="数据表名"></output>
      </outputs>
    </dll>
  </dlls>
  <ctrls>
    <div id="div0" desc="根容器">
      <a class="divBox"></a>
      <c>
        <div id="div2" desc="容器">
          <a class="divBoxTitleWrapper"></a>
          <c>
            <label id="label7" desc="文字">
              <a id="aAlert" class="divBoxTitle" value="设备告警历史"></a>
            </label>
          </c>
        </div>
        <div id="div21" desc="容器">
          <a class="feac mb10"></a>
          <c>
            <time id="time25" desc="时间" from="starttime">
              <a disstyle="111000" dtstyle="1"></a>
            </time>
            <label id="label26" desc="文字">
              <a class="pdpLabel" value="--"></a>
            </label>
            <time id="time27" desc="时间" from="endtime">
              <a disstyle="111000" dtstyle="1"></a>
            </time>
            <button id="button28" desc="默认按钮">
              <a type="button" value="搜索" class="tPdpSeaBtn ml10"></a>
              <e>
                <onclick>
                  <list type="script" value="this.starttime=this.time25;this.endtime=this.time27;this.invoke_dll_table();this.strtable = this.tablename;"></list>
                  <list type="select" ds="ds0" async="true"></list>
                </onclick>
              </e>
            </button>
          </c>
        </div>
        <scrolltable id="scrolltable14" desc="滚动表格" from="ds0">
          <a s_width="100%" class="tjPdpTable"></a>
          <sa stripe="true" item-height="35" height="200"></sa>
          <c>
            <icol id="icol16" desc="告警内容" from="col1">
              
            </icol>
            <icol id="icol19" desc="告警分级" from="col4">
             <a width="100"></a> 
            </icol>
            <icol id="icol17" desc="发生次数" from="col2">
            	<a width="60"></a>
            </icol>
            <icol id="icol18" desc="最近一次发生告警时间" from="col3">
              <a width="140"></a>
            </icol>
          </c>
        </scrolltable>
      </c>
    </div>
  </ctrls>
  <scripts>
    <script event="created">
      <list type="script">
        <value><![CDATA[
        this.starttime = Ysh.Time.formatString(Ysh.Time.toString(this.starttime, true, false), 111000) + " 00:00:00";
				this.endtime = Ysh.Time.formatString(Ysh.Time.toString(this.endtime, true, false), 111000) + " 23:59:59";
        this.invoke_dll_table();
        this.strtable = this.tablename;
        this.const11 = "最近半年"+this.init3+" "+this.init2+"主站端告警情况：";
        this.select_ds0();
        ]]></value>
      </list>
    </script>
    <script event="mounted"></script>
  </scripts>
</root>