﻿<?xml version="1.0" encoding="utf-8"?>
<root maxid="16" desc="设备时间轴">
  <inits>
    <init id="area0" desc="地区后缀" type="config" arg="AreaSuffix"></init>
  </inits>
  <consts>
    <const id="const12" desc="选中设备" type="string"></const>
    <const id="mainHeight" desc="内容高度"></const>
    <const id="deviceurl" desc="档案地址"></const>
  </consts>
  <datasources>
    <datasource id="ds0" desc="设备列表" db="PSGRAPH_DATA" type="simple">
      <sql>
        <![CDATA[
          select devicestrid as deviceid,devicedesc as devicename,typename,deptdesc as stationname,v.voltagedesc as voltagename,v1.voltagedesc as voltagename1
          from tdevice{{0}} d
          left join tdepartment{{0}} t on d.ownerdepartidx=departidx
          left join tvoltage{{0}} v on t.voltageidx=v.voltageidx
          LEFT JOIN tvoltage{{0}} v1 on d.voltageidx=v1.voltageidx
          left join ttype p on d.typeidx=p.typeidx
          where v.voltagedesc is not null and deptdesc is not null and (p.typeidx=1 or p.typeidx=38) and v.voltagevalue > 150
          ORDER BY v.voltagevalue desc, deptdesc, v1.voltagevalue desc, devicedesc
        ]]>
      </sql>
      <cols>
        <col id="colarea" desc="地区后缀" name="area0" from="area0"></col>
        <col id="col0" desc="设备id" name="deviceid"></col>
        <col id="col1" desc="设备名称" name="devicename"></col>
        <col id="col2" desc="设备类型" name="typename"></col>
        <col id="col3" desc="变电站名称" name="stationname"></col>
        <col id="col4" desc="变电站电压等级" name="voltagename"></col>
      <col id="col5" desc="设备电压等级" name="voltagename1"></col>
      </cols>
    </datasource>
  </datasources>
  <ctrls>
    <div id="div0" desc="根容器">
      <a s_background-color="rgba(58, 67, 126, 1)" s_height="100%" s_width="100%"></a>
      <c>
        <div id="divBody" desc="容器">
          <a s_height="100%" s_display="flex" s_width="100%"></a>
          <c>
            <div id="divTree">
              <a ref="divTree" s_background-color="#eaedf1" s_height="100%" s_overflow="auto" s_width="230px" s_position="absolute" s_z-index="0" s_border-right="1px solid #cfd4df"></a>
              <sa s_height="mainHeight"></sa>
              <c>
                <div id="div14" desc="容器">
                  <a s_padding="5px" s_width="100%" s_display="flex"></a>
                  <c>
                    <text id="text15" desc="文本框">
                      <a type="text" placeholder="输入要查找的变电站" class="pdpText" s_height="24px" s_width="calc(100% - 20px)" s_border-right-style="none"></a>
                    </text>
                    <button id="button16" desc="默认按钮">
                      <a type="button" value="" class="searchBtn"></a>
                      <e>
                        <onclick>
                          <list type="script" value="this.filterStation()"></list>
                        </onclick>
                      </e>
                    </button>
                  </c>
                </div>
                <div>
                	<a class="treeWrapper"></a>
                	<c>
		                <itree id="itree9" desc="树控件" source="ds0">
		                  <sa groupcols="col4,col3,col2,col5" idcol="col0" titlecol="col1"></sa>
		                  <e>
		                    <on-select-change>
		                      <list type="script">
		                        <value>
		                          <![CDATA[ var node = nodes[0];
		                          if (node.deviceid) {
		                            switch (node.typename) {
		                               case "变压器":
		                                  this.deviceurl="timeview.html?id=" + node.deviceid+"&a=" + new Date(); 
		                                  break;
		                               case "断路器":
		                                  this.deviceurl="timeview.html?id=" + node.deviceid+"&a=" + new Date(); 
		                                  break;
		                               default:
		                                  break;
		                            }
		                          }
		                          ]]>
		                        </value>
		                      </list>
		                    </on-select-change>
		                  </e>
		                </itree>
                	</c>
                </div>
              </c>
            </div>
            <div id="divMain">
              <a ref="divMain" s_position="absolute" s_left="230px" s_background-color="white" s_font-size="0" s_height="100%" s_width="calc(100% - 230px)"></a>
              <c>
                <iframe id="iframe13" desc="内嵌窗口">
                  <a id="frm0" name="frm0" s_height="100%" s_width="100%" s_border="0" frameborder="0"></a>
                  <sa src="deviceurl"></sa>
                </iframe>
              </c>
            </div>
          </c>
        </div>
      </c>
    </div>
  </ctrls>
  <scripts>
    <script event="created">
      <list type="select" ds="ds0"></list>
      <list type="script">
        <![CDATA[
          this.devices = Ysh.Object.clone(this.ds0);
        this.filterStation = function() {
           var s = this.text15;
           if (s == "") {
             this.ds0 = Ysh.Object.clone(this.devices);
             return;
           }
           var arr = [];
           for (var i = 0;i < this.devices.length;i++) {
              var d = this.devices[i];
              if (d[3].indexOf(s) >= 0) {
                arr.push(d);
              }
           }
           this.ds0 = arr;
        }
           this.flyTo = function(s) {
            if (typeof frm0.flyTo == "function")
              frm0.flyTo(s[1]);
           }
        ]]>
      </list>
    </script>
    <script event="mounted">
      <list type="script">
        <value>
          <![CDATA[
          var h = this.$refs.divMain.clientHeight;
          this.mainHeight = h + "px";
          var vm = this;
          window.onresize = function() {
          var h = vm.$refs.divMain.clientHeight;
          vm.mainHeight = h + "px";
          }
          ]]>
        </value>
      </list>
    </script>
    <script event="updated">
      <list type="script">
        <value>
          <![CDATA[
          $(".timeWrapper .timeShowBoxWrapper .ivu-timeline-item-content").hover(function(){
          console.log(1)
	      		$(this).append("<div class='timeShowBoxWrapperBorder'></div>");
	      	},function(){
	      		$(".timeShowBoxWrapperBorder").remove();
	      	})
          ]]>
        </value>
      </list>
    </script>
  </scripts>
</root>