﻿<?xml version="1.0" encoding="utf-8"?>
<root maxid="31" desc="空白页">
  <inits>
    <init id="init1" desc="设备id" type="request" arg="deviceid"></init>
    <init id="init2" desc="设备名称" type="request" arg="devicename"></init>
    <init id="init3" desc="变电站" type="request" arg="staname"></init>
  </inits>
  <consts>
    <const id="starttime" desc="开始时间" arg="d" type="time"></const>
    <const id="endtime" desc="结束时间" arg="d,d,1" type="time"></const>
    <const id="title" desc="标题"></const>
  </consts>
  <datasources>
    <datasource id="ds0" desc="设备列表" db="MONITORSIGNAL" type="simple">
      <sql>
        <![CDATA[
        select '' AS jxtime, '' AS jxcontent, '' as jxid from dual
        ]]>
      </sql>
      <cols>
        <col id="col0" desc="设备id" name="deviceid" from="init2"></col>
        <col id="col_starttime" desc="开始时间" name="starttime" from="starttime"></col>
        <col id="col_endtime" desc="结束时间" name="endtime" from="endtime"></col>
        <col id="col4" desc="检修时间" name="jxtime"></col>
        <col id="col5" desc="检修内容" name="jxcontent"></col>
        <col id="col6" desc="检修id" name="jxid"></col>
        <col id="col7" desc="检修id" name="jxid"></col>
      </cols>
    </datasource>
  </datasources>
  <ctrls>
    <div id="div0" desc="根容器">
      <a class="divBox"></a>
      <c>
        <div id="div2" desc="容器">
          <a class="divBoxTitleWrapper"></a>
          <c>
            <label id="label7" desc="文字">
              <a id="aGongkuang" class="divBoxTitle"></a>
              <sa value="title"></sa>
            </label>
          </c>
        </div>
        <div id="div21" desc="容器">
          <a class="feac mb10"></a>
          <c>
            <time id="time25" desc="时间" from="starttime">
              <a disstyle="111000" dtstyle="1"></a>
            </time>
            <label id="label26" desc="文字">
              <a class="pdpLabel" value="--"></a>
            </label>
            <time id="time27" desc="时间" from="endtime">
              <a disstyle="111000" dtstyle="1"></a>
            </time>
            <button id="button28" desc="默认按钮">
              <a type="button" value="搜索" class="tPdpSeaBtn ml10"></a>
              <e>
                <onclick>
                  <list type="script" value="this.starttime=this.time25;this.endtime=this.time27;"></list>
                  <list type="select" ds="ds0" async="true"></list>
                </onclick>
              </e>
            </button>
          </c>
        </div>
        <scrolltable id="scrolltable14" desc="滚动表格" from="ds0">
          <a s_width="100%" class="tjPdpTable"></a>
          <sa stripe="true"></sa>
          <c>
            <icol id="icol16" desc="不良工况信息" from="col4"></icol>
            <icol id="icol17" desc="不良工况等级" from="col5"></icol>
            <icol id="icol17" desc="填写日期" from="col6"></icol>
          </c>
        </scrolltable>
      </c>
    </div>
  </ctrls>
  <scripts>
    <script event="created">
      <list type="select" ds="ds0" async="true"></list>
      <list type="script">
        <value><![CDATA[ this.title = this.init2 + "相关不良工况记录"; ]]></value>
      </list>
    </script>
    <script event="mounted"></script>
  </scripts>
</root>