﻿<?xml version="1.0" encoding="utf-8"?>
<root maxid="31" desc="空白页">
  <inits>
    <init id="area0" desc="地区后缀" type="request" arg="areasuffix"></init>
  </inits>
  <consts>
    <const id="h0" desc="页面高度" arg="0" type="number"></const>
    <const id="year" desc="年份" arg="2018" type="number"></const>
    <const id="load" desc="数组" arg="0" type="number[]"></const>
    <const id="const7" desc="设备类型组" arg="短期风险,1,中长期风险,2" type="2d" length="2"></const>
    <const id="starttime" desc="开始时间" arg="d" type="time"></const>
    <const id="endtime" desc="结束时间" arg="d,d,1" type="time"></const>
    <const id="title" desc="标题"></const>
    <const id="selected" desc="选中类型"></const>
  </consts>
  <datasources>
    <datasource id="ds0" desc="设备列表" db="MONITORSIGNAL" type="simple">
      <sql>
        <![CDATA[
          SELECT V.VOLTAGEDESC, T.DEPTDESC, A.DEVICEDESC, CASE WHEN SUM(FAULTRATE) < 0.01 THEN '' ELSE ROUND(SUM(FAULTRATE), 2) || '%' END AS FAULTRATE, 
          CASE WHEN SUM(RISKVALUE) < 0.01 THEN '' ELSE SUM(RISKVALUE) || '' END AS RISKVALUE, '' AS RISKREASON, A.DEVICEIDX, V.VOLTAGEVALUE FROM MONITORSIGNAL.TRISKDEVICE A
          JOIN PSGRAPH_DATA.TDEVICE{{1}} D ON A.DEVICEIDX = D.DEVICESTRID
		      LEFT JOIN PSGRAPH_DATA.TDEPARTMENT{{1}} T ON D.OWNERDEPARTIDX = DEPARTIDX       
		      LEFT JOIN PSGRAPH_DATA.TVOLTAGE{{1}} V ON D.VOLTAGEIDX = V.VOLTAGEIDX
          WHERE RISKTIME = (SELECT MAX(RISKTIME)FROM "MONITORSIGNAL"."TRISKDEVICE") AND FAULTRATE >= 0.01
          GROUP BY V.VOLTAGEDESC, T.DEPTDESC, A.DEVICEDESC, A.DEVICEIDX, V.VOLTAGEVALUE
          ORDER BY 4 DESC, T.DEPTDESC, V.VOLTAGEVALUE DESC, A.DEVICEDESC
        ]]>
      </sql>
      <cols>
        <col id="coltime" desc="类型" name="type0" from="selected"></col>
        <col id="colarea" desc="地区后缀" name="area0" from="area0"></col>
        <col id="col4" desc="电压等级" name="VOLTAGEDESC"></col>
        <col id="col5" desc="变电站" name="DEPTDESC"></col>
        <col id="col6" desc="设备编号" name="DEVICEDESC"></col>
        <col id="col7" desc="设备故障概率" name="HEALTH"></col>
        <col id="col8" desc="风险评估值" name="RISKVALUE"></col>
        <col id="col9" desc="风险评估因素" name="RISKREASON"></col>
      </cols>
    </datasource>
  </datasources>
  <ctrls>
    <div id="div0" desc="根容器">
      <a class="tjPdpTableWrapper"></a>
      <c>
        <div id="div2" desc="容器">
          <a class="feac tjPdpTableTitleWrapper"></a>
          <c>
            <label id="label7" desc="文字">
              <a s_display="none" class="tjPdpTableTitle"></a>
              <sa value="title"></sa>
            </label>
            <div>
              <c>
                <button id="button1" desc="默认按钮" loop="const7">
                  <a type="button" class="tPdpBtn ml10"></a>
                  <sa value="const7_0"></sa>
                  <e>
                    <onclick>
                      <list type="script" value="this.selected = item_button1; this.Search(); "></list>
                    </onclick>
                  </e>
                </button>
              </c>
            </div>
          </c>
        </div>
        <div>
          <a s_height="calc(100% - 48px)" class="fsac"></a>
          <c>
            <div>
              <a s_width="70%" s_height="100%"></a>
              <c>
                <scrolltable id="scrolltable14" desc="滚动表格" from="ds0">
                  <a s_width="100%" class="tjPdpTable"></a>
                  <sa stripe="true" height="h0" item-height="35"></sa>
                  <c>
                    <icol id="icol15" desc="序号">
                      <a width="50" key="index"></a>
                    </icol>
                    <icol id="icol16" desc="电压等级" from="col4"></icol>
                    <icol id="icol17" desc="变电站" from="col5"></icol>
                    <icol id="icol17" desc="设备编号" from="col6">
                      <c>
                        <href id="href1" desc="超链接">
                          <e>
                            <onclick>
                              <list type="script" value="this.showhistory(this.params.row.DEVICEIDX);"></list>
                            </onclick>
                          </e>
                          <c>
                            <label id="labdevice" desc="文字">
                              <sa value="this.params.row.DEVICEDESC"></sa>
                            </label>
                          </c>
                        </href>
                      </c>
                    </icol>
                    <icol id="icol18" desc="设备故障概率" from="col7"></icol>
                    <icol id="icol19" desc="风险评估值" from="col8"></icol>
                    <icol id="icol110" desc="风险评估因素" from="col9"></icol>
                  </c>
                </scrolltable>
              </c>
            </div>
            <div>
              <a s_width="30%" s_height="100%"></a>
              <sa s_height="h0+'px'"></sa>
              <c>
                <ecalendarchart desc="基础图表" id="esimplechart29">
                  <sa startyear="year" datalist="load"></sa>
                </ecalendarchart>
              </c>
            </div>
          </c>
        </div>
      </c>
    </div>
  </ctrls>
  <scripts>
    <script event="created">
      <list type="select" ds="ds0" async="true"></list>
      <list type="script">
        <value>
          <![CDATA[ 
        	this.title = "关键设备健康情况"; 
       		this.h0 = document.documentElement.clientHeight - 48 -53 -10;
        	]]>
        </value>
      </list>
    </script>
    <script event="mounted">
      <list type="script">
        <value>
          <![CDATA[
            this.Search = function(type) {
            }
            this.showhistory = function(){
              this.load = [];
              for(var i = 0; i < 400; i++)
                this.load.push(parseInt(Math.random() * 100));
            }
            
          ]]>
        </value>
      </list>
    </script>
  </scripts>
</root>