﻿<?xml version="1.0" encoding="utf-8"?>
<root maxid="16" desc="设备风险">
  <inits>
    <init id="area0" desc="地区后缀" type="config" arg="AreaSuffix"></init>
  </inits>
  <consts>
    <const id="const7" desc="快速定位标签组" arg="重点关注设备,1,高风险设备,2,设备缺陷,3" type="2d" length="2"></const>
    <const id="mainHeight" desc="内容高度"></const>
    <const id="level0" arg="0" type="string"></const>
    <const id="level1" arg="1" type="string"></const>
    <const id="level2" arg="2" type="string"></const>
    <const id="s1" desc="表格1显示" arg="true" type="string"></const>
    <const id="s2" desc="表格2显示" type="string"></const>
    <const id="s3" desc="表格3显示" type="string"></const>  </consts>
  <datasources>
  </datasources>
  <ctrls>
    <div id="div0" desc="根容器">
      <a s_height="100%" s_width="100%"></a>
      <c>
        <div id="divTopBar" desc="容器">
          <a class="topBarWrapper"></a>
          <c>
            <href id="href8" desc="超链接" loop="const7">
          		<a class="topBarItem"></a>
          		<sa ref="'topBarItem'+index"></sa>
              <c>
                <label id="labelLink">
                  <a s_color="white"></a>
                  <sa value="const7_0"></sa>
                </label>
              </c>
              <e>
                <onclick args="item_href8">
                  <list type="script" value="this.flyTo(item_href8);this.select();"></list>
                </onclick>
              </e>
            </href>
          </c>
        </div>
        <div id="divBody" desc="容器">
          <a s_height="calc(100% - 53px)" s_position="relative" s_width="100%"></a>
          <c>
            <div id="divMain">
              <a ref="divMain" s_background-color="white" s_height="100%" s_width="100%"></a>
              <c>
                <div show="s1">
                	<a s_height="100%"></a>
                  <c>
                    <subfile id="fileImportant" desc="重点关注">
                      <a file="/App_Data/design/device_important"></a>
                      <sa areasuffix="area0"></sa>
                    </subfile>
                  </c>
                </div>
                <div show="s2">
                	<a s_height="100%"></a>
                  <c>
                    <subfile id="fileRisk" desc="高风险设备">
                      <a file="/App_Data/design/device_risk"></a>
                      <sa areasuffix="area0"></sa>
                    </subfile>
                  </c>
                </div>
                <div show="s3">
                	<a s_height="100%" s_padding="5px"></a>
                  <c>
                    <subfile id="fileLevel0" desc="危急缺陷">
                      <a file="/App_Data/design/device_defect" s_height="33.33%"></a>
                      <sa areasuffix="area0" defecttype="level0"></sa>
                    </subfile>
                    <subfile id="fileLevel1" desc="严重缺陷">
                      <a file="/App_Data/design/device_defect" s_height="33.33%"></a>
                      <sa areasuffix="area0" defecttype="level1"></sa>
                    </subfile>
                    <subfile id="fileLevel2" desc="一般缺陷">
                      <a file="/App_Data/design/device_defect" s_height="33.33%"></a>
                      <sa areasuffix="area0" defecttype="level2"></sa>
                    </subfile>
                  </c>
                </div>
              </c>
            </div>
          </c>
        </div>
      </c>
    </div>
  </ctrls>
  <scripts>
    <script event="created">
      <list type="script">
        <![CDATA[
          this.flyTo = function(s) {
            this.s1 = ""; this.s2 = ""; this.s3 = ""; 
            switch(s[1])
            {
              case "1":
                this.s1 = "true";
                break;
              case "2":
                this.s2 = "true";
                break;
              case "3":
                this.s3 = "true";
                break;
            }
          }
          this.select = function(){
          	var obj = event.target;
          	if(obj.nodeName == "SPAN"){
          		$(obj).parent().siblings().removeClass("topBarItemSelect");
          		$(obj).parent().addClass("topBarItemSelect");
          	}else{
          		$(obj).siblings().removeClass("topBarItemSelect");
          		$(obj).addClass("topBarItemSelect")
          	}
          }
        ]]>
      </list>
    </script>
    <script event="mounted">
      <list type="script">
        <value>
          <![CDATA[
          $(this.$refs.topBarItem0[0]).addClass('topBarItemSelect');
          var h = this.$refs.divMain.clientHeight;
          this.mainHeight = h + "px";
          var vm = this;
          window.onresize = function() {
          var h = vm.$refs.divMain.clientHeight;
          vm.mainHeight = h + "px";
          }
          ]]>
        </value>
      </list>
    </script>
  </scripts>
</root>