﻿<?xml version="1.0" encoding="utf-8"?>
<root maxid="31" desc="空白页">
  <inits>
    <init id="init1" desc="缺陷类型" type="request" arg="defecttype"></init>
    <init id="area0" desc="地区后缀" type="request" arg="areasuffix"></init>
  </inits>
  <consts>
    <const id="starttime" desc="开始时间" arg="d" type="time"></const>
    <const id="endtime" desc="结束时间" arg="d,d,1" type="time"></const>
    <const id="title" desc="标题"></const>
    <const id="h0" desc="表格高度" type="string"></const>
    <const id="levelname" desc="级别" arg="危急,严重,一般" type="string[]"></const>
  </consts>
  <datasources>
    <datasource id="ds0" desc="设备列表" db="MONITORSIGNAL" type="simple">
      <sql>
        <![CDATA[
        --健康风险评估
          SELECT T.DEPTDESC, A.DEVICEDESC, TT.C_NAMESHORT AS TYPENAME, PART, PARTTYPE, "POSITION", DESCRIBE, REPORTTIME, STATE, STARTTIME, ENDTIME, DATAFROM FROM MONITORSIGNAL.TDEVICEDEFECT A
          JOIN PSGRAPH_DATA.TDEVICE{{1}} D ON A.DEVICEIDX = D.DEVICESTRID
          JOIN PSGRAPH_DATA.TTYPE TT ON A.TYPEIDX = TT.TYPEIDX
		      LEFT JOIN PSGRAPH_DATA.TDEPARTMENT{{1}} T ON D.OWNERDEPARTIDX = DEPARTIDX
          WHERE A.DEFECTLEVEL = {0} AND ENDTIME IS NULL --AND STARTTIME > '2018-07-01'
          ORDER BY STARTTIME
        ]]>
      </sql>
      <cols>
        <col id="coltype" desc="级别" name="type0" from="init1"></col>
        <col id="colarea" desc="地区后缀" name="area0" from="area0"></col>
        <col id="col4" desc="变电站" name="DEPTDESC"></col>
        <col id="col5" desc="设备编号" name="DEVICEDESC"></col>
        <col id="col6" desc="设备种类" name="TYPENAME"></col>
        <col id="col7" desc="部件" name="PART"></col>
        <col id="col8" desc="部件种类" name="PARTTYPE"></col>
        <col id="col9" desc="部位" name="POSITION"></col>
        <col id="col10" desc="缺陷描述" name="DESCRIBE"></col>
        <col id="col11" desc="发现时间" name="STATE"></col>
        <col id="col12" desc="处理状态" name="REPORTTIME"></col>
        <col id="col13" desc="开始处理时间" name="STARTTIME"></col>
        <col id="col14" desc="计划完成时间" name="ENDTIME"></col>
        <col id="col15" desc="来源" name="DATAFROM"></col>
      </cols>
    </datasource>
  </datasources>
  <ctrls>
    <div id="div0" desc="根容器">
      <c>
        <div id="div2" desc="容器">
        	<a class="fsac tjPdpTableTitleWrapper"></a>
          <c>
            <label id="label7" desc="文字">
            	<a class="tjPdpTableTitle"></a>
              <sa value="title"></sa>
            </label>
          </c>
        </div>
        <scrolltable id="scrolltable14" desc="滚动表格" from="ds0">
          <a s_width="100%" class="tjPdpTable"></a>
          <sa stripe="true" height="h0" item-height="45"></sa>
          <c>
            <icol id="icol15" desc="序号">
              <a width="50" key="index"></a>
            </icol>
            <icol id="icol16" desc="变电站" from="col4">
              <a width="60"></a>
            </icol>
            <icol id="icol17" desc="设备编号" from="col5">
              <a width="125"></a>
            </icol>
            <icol id="icol17" desc="设备种类" from="col6">
              <a width="75"></a>
            </icol>
            <icol id="icol18" desc="部件" from="col7">
              <a width="60"></a>
            </icol>
            <icol id="icol19" desc="部件种类" from="col8">
              <a width="75"></a>
            </icol>
            <icol id="icol20" desc="部位" from="col9">
              <a width="60"></a>
            </icol>
            <icol id="icol21" desc="缺陷描述" from="col10">
              <a align="left"></a>
            </icol>
            <icol id="icol22" desc="发现时间" from="col11">
              <a width="80"></a>              
            </icol>
            <icol id="icol23" desc="处理状态" from="col12">
              <a width="75"></a>
            </icol>
            <icol id="icol24" desc="开始处理时间" from="col13">
              <a width="80"></a>
            </icol>
            <icol id="icol25" desc="计划完成时间" from="col14">
              <a width="80"></a>
            </icol>
            <icol id="icol26" desc="来源" from="col15">
              <a width="75"></a>
            </icol>
          </c>
        </scrolltable>
      </c>
    </div>
  </ctrls>
  <scripts>
    <script event="created">
      <list type="select" ds="ds0" async="true"></list>
      <list type="script">
        <value><![CDATA[
        	 this.title = this.levelname[this.init1] + "缺陷记录"; 
        	 this.h0 = (document.documentElement.clientHeight-53-10)/3 - 48;
        	 ]]></value>
      </list>
    </script>
    <script event="mounted"></script>
  </scripts>
</root>