﻿<?xml version="1.0" encoding="utf-8"?>
<root maxid="57" desc="空白页">
  <inits>
    <init id="init2" desc="设备名称" type="request" arg="devicename"></init>
  </inits>
  <consts>
    <const id="title" desc="标题"></const>
  </consts>
  <datasources>
    <datasource id="ds3" desc="扣分情况" db="MONITORSIGNAL" type="simple">
      <sql>
        <![CDATA[
          select KOUFENTOTAL，KOUFENTOTAL1,KOUFENTOTAL2,KOUFENTOTAL3,KOUFENTOTAL4,
          case when SUMKOU <=50 then 100 - SUMKOU 
       when SUMKOU >50 and SUMKOU <=100 then 100 -50 -(SUMKOU-50)*0.5 
       when SUMKOU >100 and SUMKOU <=150 then 100 -50 -50*0.5-(SUMKOU-100)*0.25
       when SUMKOU >150 and SUMKOU <=200 then 100 -50 -50*0.5- 50*0.25-(SUMKOU-150)*0.125
       when SUMKOU >200 and SUMKOU <=250 then 100 -50 -50*0.5- 50*0.25-50*0.125-(SUMKOU-200)*0.0625
       when SUMKOU >250 and SUMKOU <=300 then 100 -50 -50*0.5- 50*0.25-50*0.125-50*0.0625 - (SUMKOU-250)*0.03125
       when SUMKOU >300 and SUMKOU <=350 then 100 -50 -50*0.5- 50*0.25-50*0.125-50*0.0625 - 50*0.03125-(SUMKOU-250)*0.015625
          else 0 end as SUMKOU 
          from(
          SELECT  
          SUM(case when DEVICEPART='本体' then KOUFENTOTAL else 0 end) AS KOUFENTOTAL,
          SUM(case when DEVICEPART='非电量保护' then KOUFENTOTAL else 0 end) AS KOUFENTOTAL1,
          SUM(case when DEVICEPART='分接开关' then KOUFENTOTAL else 0 end) AS KOUFENTOTAL2,
          SUM(case when DEVICEPART='套管' then KOUFENTOTAL else 0 end) AS KOUFENTOTAL3,
          SUM(case when DEVICEPART='冷却器系统' then KOUFENTOTAL else 0 end) AS KOUFENTOTAL4,
          SUM(KOUFENTOTAL) as SUMKOU
          FROM (
            SELECT D.DEVICENAME,case when "LEVEL"=1 THEN YIBANLEVEL WHEN "LEVEL"=2 THEN YANZHONGLEVEL WHEN "LEVEL"=3 THEN WEIJILEVEL ELSE 0 END AS KOUFENTOTAL,DEVICEPART
             FROM   (select * from  MONITORSIGNAL.TDEVICEEXISTDANGE where to_char(start_time,'yyyy-mm-dd')=to_char(sysdate,'yyyy-mm-dd')) A
            right JOIN PSGRAPH_DATA.TDEVICE_LN D  ON A.DEVICEID=D.DEVICESTRID
            LEFT  JOIN  MONITORSIGNAL.TDEVICEDANGERITEM B ON A.DANGERITEMID = B.ITEMID
		        LEFT  JOIN PSGRAPH_DATA.TDEPARTMENT_LN T ON D.OWNERDEPARTIDX = T.DEPARTIDX
            LEFT JOIN PSGRAPH_DATA.TTYPE TT ON D.TYPEIDX = TT.TYPEIDX
            LEFT JOIN PSGRAPH_DATA.TVOLTAGE_LN V ON D.VOLTAGEIDX = V.VOLTAGEIDX          
            WHERE TT.TYPENAME = '变压器') W WHERE w.devicename = {0}) o
          ]]>
      </sql>
      <cols>
        <col id="col30" desc="设备id" name="deciid" from="init2"></col>
        <col id="col35" desc="本体" name="KOUFENTOTAL"></col>
        <col id="col36" desc="非电量保护" name="KOUFENTOTAL1"></col>
        <col id="col37" desc="分接开关" name="KOUFENTOTAL2"></col>
        <col id="col38" desc="套管" name="KOUFENTOTAL3"></col>
        <col id="col39" desc="冷却器" name="KOUFENTOTAL4"></col>
        <col id="col40" desc="总" name="SUMKOU"></col>
      </cols>
    </datasource>
  </datasources>
  <ctrls>
    <div id="div0" desc="根容器">
      <a s_width="100%"></a>
      <c>
        <div id="div51" desc="容器">
        	<a s_text-align="center" s_border-bottom="1px solid #cfd4df" s_padding-bottom="16px"></a>
          <c>
          	<div>
          		<a class="divBoxTitleWrapper"></a>
          		<c>
          			<label id="label90" desc="文字">
		              <a class="divBoxTitle" value="设备扣分情况"></a>
		            </label>
          		</c>
          	</div>
            <div id="div41" desc="容器">
              <a s_padding="5px" s_text-align="left"></a>
              <c>
                <label id="label15" desc="文字">
                  <sa value="title"></sa>
                </label>
              </c>
            </div>
            <div>
              <a s_height="100px"></a>
              <c>
                <itable id="scrolltable14" desc="滚动表格" from="ds3">
                  <a s_width="100%" class="tjPdpTable"></a>
                  <c>
                    <icol id="icol16" desc="本体扣分" from="col35"></icol>
                    <icol id="icol17" desc="非电量保护扣分" from="col36"></icol>
                    <icol id="icol18" desc="分接开关扣分" from="col37"></icol>
                    <icol id="icol19" desc="套管扣分" from="col38"></icol>
                    <icol id="icol20" desc="冷却器系统扣分" from="col39"></icol>
                  </c>
                </itable>
              </c>
            </div>
          </c>
        </div>
      </c>
    </div>
  </ctrls>
  <scripts>
    <script event="created">
      <list type="select" ds="ds3"></list>
      <list type="script">
        <value>
          <![CDATA[
            if(this.col40.length > 0)
              this.title = "设备得分：" + this.col40[0];
					]]>
        </value>
      </list>
    </script>
    <script event="mounted">
      <list type="script">
        <value>
          <![CDATA[
					]]>
        </value>
      </list>
    </script>
  </scripts>
</root>