﻿<?xml version="1.0" encoding="utf-8"?>
<root includes="/conn/cssfile/JointStatus.css;/conn/jsfile/JointStatus.js">
  <inits remark="输入参数">
  </inits>
  <consts remark="固定常量">
    <const id="im_h" desc="div高度" arg="500" type="number"></const>
    <const id="im_w" desc="div宽度" arg="800" type="number"></const>
    <const id="s_DsShow" desc="显示查询窗口" arg="false" type="bool"></const>
    <const id="s_Type1" desc="类型1" arg="none" type="string"></const>
    <const id="s_Type2" desc="类型2" arg="none" type="string"></const>
    <const id="s_Count" desc="" arg="none" type="string"></const>
    <const id="tableTitle" desc="查询窗口标题" arg="" type="string"></const>
    <const id="strDataCount" desc="对接数据条数" arg="??" type="string"></const>
    <const id="strColInfo" desc="数据列信息" arg="" type="string"></const>
    <const id="strCondColDesc" desc="搜索列信息" arg="" type="string"></const>
  </consts>
  <datasources remark="数据库数据源">
  </datasources>
  <dlls remark="外部调用dll">
  </dlls>
  <ctrls>
    <div id="div0" desc="根容器">
      <a>
        <class>divStatus</class>
      </a>
      <s>
        <background-color>#fff</background-color>
        <height>100%</height>
        <width>100%</width>
        <min-width>800px</min-width>
      </s>
      <c>
        <imodal id="imDsShow" desc="查询弹窗" from="s_DsShow">
          <a>
            <ref>imDsShow</ref>
          </a>
          <sa>
            <title>tableTitle</title>
            <width>im_w</width>
            <footer-hide>true</footer-hide>
            <closable>true</closable>
            <showHead>true</showHead>
          </sa>
          <e>
            <e event="on-visible-change" arguments="">
              <list type="script">
                <value>
                  <![CDATA[
                  this.s_Count = "none";
                  this.$refs.iinput_Reason.currentValue = "";
                  this.$refs.idate.value.splice(0, 2);
                  ]]>
                </value>
              </list>
            </e>
          </e>
          <c>
            <div>
              <a class="divDsShow"></a>
              <s>
                <cursor>default</cursor>
              </s>
              <ss>
                <height>im_h+'px'</height>
              </ss>
              <c>
                <div>
                  <s>
                    <height>40px</height>
                    <width>100%</width>
                    <align-items>Center</align-items>
                  </s>
                  <ss>
                    <display>s_Type1</display>
                  </ss>
                  <c>
                    <label>
                      <a>
                        <value><![CDATA[日期选择：]]></value>
                      </a>
                      <s>
                        <font-size>14px</font-size>
                        <float>left</float>
                      </s>
                    </label>
                    <idate id="idate">
                      <a>
                        <ref>idate</ref>
                        <type>daterange</type>
                      </a>
                      <sa>
                        <placeholder>'选择时间' + strCondColDesc + '范围'</placeholder>
                        <clearable>true</clearable>
                        <editable>false</editable>
                        <split-panels>true</split-panels>
                      </sa>
                      <s>
                        <margin-left>5px</margin-left>
                        <width>190px</width>
                        <float>left</float>
                      </s>
                      <e>
                        <e event="on-clear" arguments="">
                          <list type="script">
                            <value>
                              <![CDATA[ this.Search(""); ]]>
                            </value>
                          </list>
                        </e>
                      </e>
                    </idate>
                    <button id="btnSearch1">
                      <a>
                        <value><![CDATA[搜索]]></value>
                        <class>ivu-btn ivu-btn-primary</class>
                      </a>
                      <s>
                        <padding>0px</padding>
                        <height>26px</height>
                        <width>60px</width>
                        <margin-left>10px</margin-left>
                      </s>
                      <e>
                        <onclick>
                          <list type="script">
                            <value>
                              <![CDATA[
                              if ('undefined' !== typeof(this.$refs.idate.visualValue) && 
                                    0 !== this.$refs.idate.visualValue.length) {
                                  var lstTemp = this.$refs.idate.visualValue.split(' - ');
                                  var strCond = lstTemp[0] + '_00:00:00' + " " + lstTemp[1] + '_00:00:00';
                                  this.Search(strCond);
                              }
                              else {
                                  this.Search("");
                              }
                              ]]>
                            </value>
                          </list>
                        </onclick>
                      </e>
                    </button>
                    <label>
                      <sa>
                        <value>'条件范围内共对接数据' + strDataCount + '条'</value>
                      </sa>
                      <s>
                        <margin-left>50px</margin-left>
                        <font-size>14px</font-size>
                      </s>
                      <ss>
                        <display>s_Count</display>
                      </ss>
                    </label>
                  </c>
                </div>
                <div>
                  <s>
                    <width>100%</width>
                    <height>40px</height>
                    <align-items>Center</align-items>
                  </s>
                  <ss>
                    <display>s_Type2</display>
                  </ss>
                  <c>
                    <label>
                      <a>
                        <value><![CDATA[条件筛选：]]></value>
                      </a>
                      <s>
                        <font-size>14px</font-size>
                        <float>left</float>
                      </s>
                    </label>
                    <iinput id="iinput_Reason" desc="">
                      <a>
                        <ref>iinput_Reason</ref>
                        
                        <type>text</type>
                      </a>
                      <sa>
                        <placeholder>'请输入' + strCondColDesc + '条件'</placeholder>
                        <clearable>true</clearable>
                      </sa>
                      <s>
                        <margin-left>5px</margin-left>
                        <width>190px</width>
                        <height>26px</height>
                      </s>
                      <e>
                        <e event="on-enter" arguments="">
                          <list type="script">
                            <value>
                              <![CDATA[ this.btnSearch2_onclick(); ]]>
                            </value>
                          </list>
                        </e>
                        <e event="on-change" arguments="event">
                          <list type="script">
                            <value>
                              <![CDATA[
                              if (0 != this.$refs.iinput_Reason.currentValue.length) 
                                  return;
                              this.Search('');
                              ]]>
                            </value>
                          </list>
                        </e>
                      </e>
                    </iinput>
                    <button id="btnSearch2">
                      <a>
                        <value><![CDATA[搜索]]></value>
                        <class>ivu-btn ivu-btn-primary</class>
                      </a>
                      <s>
                        <padding>0px</padding>
                        <height>26px</height>
                        <width>60px</width>
                        <margin-left>10px</margin-left>
                      </s>
                      <e>
                        <onclick>
                          <list type="script">
                            <value>
                              <![CDATA[ this.Search(this.$refs.iinput_Reason.currentValue); ]]>
                            </value>
                          </list>
                        </onclick>
                      </e>
                    </button>
                    <label>
                      <sa>
                        <value>'条件范围内共对接数据' + strDataCount + '条'</value>
                      </sa>
                      <s>
                        <margin-left>50px</margin-left>
                        <font-size>14px</font-size>
                      </s>
                      <ss>
                        <display>s_Count</display>
                      </ss>
                    </label>
                  </c>
                </div>
                <div>
                  <s>
                    <width>100%</width>
                  </s>
                  <ss>
                    <height>(im_h-40)+'px'</height>
                  </ss>
                  <c>
                    <scrolltable id="iDataShow">
                      <a ref="iDataShow"></a>
                      <sa>
                        <border>true</border>
                        <stripe>true</stripe>
                        <height>im_h-40</height>
                        <item-height>30</item-height>
                        <disabled-hover>true</disabled-hover>
                      </sa>
                    </scrolltable>
                  </c>
                </div>
              </c>
            </div>
          </c>
        </imodal>
      </c>
    </div>
  </ctrls>
  <scripts remark="其他脚本">
    <script event="created">
      <list type="script">
        <value>
          <![CDATA[]]></value>
      </list>
    </script>
    <script event="mounted">
      <list type="script">
        <value>
          <![CDATA[
          this.dataShow = new JointStatusShowData();
          
          //查询页面类
          //例子：{ imodal: this.$refs.imDsShow, table: this.$refs.iDataShow, 
          //        setDisplayByType: function(strType){}, setTitle: function(strTitle){}}
          //imodal 搜索弹窗
          //table 数据表(scrolltable)
          //setDisplayByType 根据数据表类型。设置显示类型
          //setTitle  设置表头
          this.dataShow.init( {
              imodal: this.$refs.imDsShow, 
              table: this.$refs.iDataShow,
              setDisplayByType: function (strType) {
                  pdp.s_Type1 = pdp.s_Type2 = 'none';
                  if (0 !== strType.length) {
                      eval("pdp.s_Type" + strType + "='flex';");
                  }
              },
              setTitle: function (strTitle) {
                  pdp.tableTitle = strTitle;
              },
              setTableId: function(tableId){
                  pdp.tableId = tableId;
              },
              setSearchDesc: function(conditionColDesc){
                  pdp.strCondColDesc = conditionColDesc;
              }
          });
          
          
          this.JointStatusInit = function() {
              var divStatus = document.getElementsByClassName('divStatus');
              if ('undefined' === typeof(divStatus) || null === divStatus || 1 !== divStatus.length)
                  return;
              divStatus = divStatus[0];
              var dll = PDP.dll('JointStatusLib:JointStatusLib.JointStatusLib.GetJointStatus', [this.h0.toString()]);
              if (!dll.check('获取状态html', true))
                return;
              divStatus.innerHTML += dll.value[0];
          };
          
          this.Search = function (strConds) {
              //是否显示数量信息
              this.s_Count = (0 === strConds.length) ? "none" : "";
              //清除数据
              this.$refs.iDataShow.$props.data.splice(0, this.$refs.iDataShow.data.length);
              
              //示例
              //  dataShow.lstColInfo[tableId] = {
              //    strDbName: dbName,
              //    strTbName: tableName,
              //    strCols: this.strCols,
              //    strCondCol: conditionCol,
              //    strTbType: tableType
              //};
              if ('undefined' === typeof(this.dataShow.lstColInfo[this.tableId]))
                  return;
              var colInfo = this.dataShow.lstColInfo[this.tableId];
              //GetDataByTbInfo(string strTbId, string strDbName, string strTbName, string strCols, 
              //    string strCondCol, string tableType, string strCond)
                  
              var dll = PDP.dll('JointStatusLib:JointStatusLib.JointStatusLib.GetDataByTbInfo', [this.tableId, 
                  colInfo.strDbName,colInfo.strTbName, colInfo.strCols, colInfo.strCondCol, colInfo.strTbType, strConds]);
              this.Reload(Ysh.Array.toObjectList(dll.value[0], eval("[" + colInfo.strCols + "]")));
          };
          
          this.Reload = function (lstDs) {
              this.$refs.iDataShow.$props.data.splice(0, this.$refs.iDataShow.data.length);
              for (var i = 0;  i < lstDs.length; ++i) {
                   this.$refs.iDataShow.$props.data.push(lstDs[i]);
              }
              this.strDataCount = this.$refs.iDataShow.$props.data.length;
              this.$refs.iDataShow.resize();
          }
          
          $(document).ready(function (){
              var w = window.innerWidth;
              var h = window.innerHeight;
              pdp.h0 = h-40;
              pdp.w0 = w;
              pdp.im_h = (h - 200) > 300 ? (h - 200) : 300;
              pdp.im_w = (w - 200) > 800 ? (w - 200) : 800;
              pdp.JointStatusInit();
          });
          ]]>
        </value>
      </list>
    </script>
  </scripts>
</root>