﻿<?xml version="1.0" encoding="utf-8"?>
<root maxid="46" desc="空白页">
  <inits>
    <init id="area" desc="新参数" type="config" arg="AreaSuffix"></init>
  </inits>
  <consts>
    <const id="grid_type" desc="电网公司" type="2d" length="15"></const>
    <const id="grid_by" desc="公司默认值" arg="-1" type="string"></const>
    <const id="vol_type" desc="电压等级" type="2d" length="4"></const>
    <const id="vol_by" desc="电压等级默认值" arg="-1" type="string"></const>
    <const id="jump_type" desc="跳闸类型" type="2d" length="4"></const>
    <const id="jump_by" desc="跳闸类型默认值" arg="-1" type="string"></const>
    <const id="t0" desc="默认日期" arg="d,d,0" type="time"></const>
    <const id="t1" desc="默认日期" arg="d,d,0" type="time"></const>
    <const id="t2" desc="开始时间" arg="d,d,0" type="string"></const>
    <const id="t3" desc="结束时间" arg="d,d,0" type="string"></const>
    <const id="strGrid" desc="公司筛选条件" type="string"></const>
    <const id="strVol" desc="电压等级筛选条件" type="string"></const>
    <const id="strJump" desc="跳闸类型筛选条件"></const>
    <const id="strTime" desc="时间筛选条件"></const>
    <const id="showdetail" desc="详情展示" arg="false" type="bool"></const>
    <const id="showrlt" desc="无功电压热力图" arg="true" type="bool"></const>
    <const id="showhis" desc="历史对比" arg="false" type="bool"></const>
  </consts>
  <datasources>
    <datasource id="dsDispatch" db="YXZZ" type="xml" node="GetStation:GetDispatch">
      <cols>
        <col id="coldid" desc="AREA" name="AREA"></col>
        <col id="coldname" desc="DISPATCHDESC" name="DISPATCHDESC"></col>
      </cols>
    </datasource>
    <datasource id="dswgdylist" desc="无功电压热力图" db="SGC" type="xml" node="sgc/wgdy:GetWGDYList">
      <cols>
        <col id="col_volname" desc="电压等级" name="volname"></col>
        <col id="col_staname" desc="变电站" name="staname"></col>
        <col id="col_gridid" desc="电网" name="gridid"></col>
        <col id="col_devid" desc="设备id" name="devid"></col>
        <col id="col_devname" desc="设备名称" name="devname"></col>
        <col id="col_value" desc="无功" name="value"></col>
        <col id="col_time" desc="时间" name="TIME"></col>
      </cols>
    </datasource>
    <datasource id="ds_jumpmsg" desc="跳闸信息" db="PSGRAPH_DATA" type="simple">
      <sql>
        <![CDATA[
           select DS.BELONGCITYNAME,CASE A.TYPEIDX WHEN 21 THEN P.DEPARTNAME ELSE O.DEPARTNAME END AS STATIONID,
         CASE A.TYPEIDX WHEN 21 THEN P.DEPTDESC||'/'||Q.DEPTDESC ELSE A.STATIONNAME END AS STATIONNAME,
          A.HAPPENTIME,V.VOLTAGEDESC,A.DEVICENAME,A.LOSTSIGNAL,A.JUMPPHASE,A.TYPEIDX,
          CASE WHEN A.ASSISTDESC LIKE '%重合闸不成功%' THEN '否' WHEN  A.ASSISTDESC LIKE '%重合闸成功%' THEN '是' ELSE NULL END AS ISRECLOSE,
          CASE A.HAVELOST WHEN 0 THEN '否' WHEN 1 THEN '是' ELSE NULL END AS ISLOUFA,
          CASE A.HAVEWRONGORDER WHEN 0 THEN '否' WHEN 1 THEN '是' ELSE NULL END AS ISSHIXU
          from  MONITORSIGNAL.TJUMPMSG{{0}} a 
          left join PSGRAPH_DATA.TLINECONNDEPTMSG{{0}} LB ON A.DEVICENAME=LB.DEVICENAME
          LEFT JOIN PSGRAPH_DATA.TDEPARTMENT{{0}} O ON A.STATIONNAME=O.DEPTDESC AND DEPARTTYPE='1'
          LEFT JOIN PSGRAPH_DATA.TDEPARTMENT{{0}} P ON LB.BEGDEPTNAME=P.DEPARTNAME
          LEFT JOIN PSGRAPH_DATA.TDEPARTMENT{{0}} Q ON LB.ENDDEPTNAME=Q.DEPARTNAME
          LEFT JOIN PSGRAPH_DATA.TDEPTAREA{{0}} DS ON O.DEPARTNAME=DS.D5000STID OR P.DEPARTNAME=DS.D5000STID
           LEFT JOIN PSGRAPH_DATA.TDEVICE{{0}} D ON A.DEVICENAME= D.DEVICENAME
           LEFT JOIN  PSGRAPH_DATA.TTYPE TT ON D.TYPEIDX = TT.TYPEIDX
           LEFT JOIN PSGRAPH_DATA.TVOLTAGE{{0}} V ON D.VOLTAGEIDX = V.VOLTAGEIDX 
           WHERE A.HAPPENTIME between {4} and {5} {{1}} {{2}} {{3}} 
        ]]>
      </sql>
      <cols>
        <col id="col_area" desc="area" name="area" from="area"></col>
        <col id="col_grid" desc="STATIONNAME" name="STATIONNAME" from="strGrid"></col>
        <col id="col_vol" desc="HAPPENTIME" name="HAPPENTIME" from="strVol"></col>
        <col id="col_jumptype" desc="devicename" name="devicename" from="strJump"></col>
        <col id="col_time" desc="time" name="time" from="t2"></col>
        <col id="col_time" desc="time" name="time" from="t3"></col>
        <col id="col_BELONGCITYNAME" desc="BELONGCITYNAME" name="BELONGCITYNAME" ></col>
        <col id="col_STATIONID" desc="STATIONID" name="STATIONID" ></col>
        <col id="col_STATIONNAME" desc="STATIONNAME" name="STATIONNAME" ></col>
        <col id="col_HAPPENTIME" desc="HAPPENTIME" name="HAPPENTIME" ></col>
        <col id="col_VOLTAGEDESC" desc="VOLTAGEDESC" name="VOLTAGEDESC"></col>
        <col id="col_DEVICENAME" desc="DEVICENAME" name="DEVICENAME"></col>
        <col id="col_LOSTSIGNAL" desc="LOSTSIGNAL" name="LOSTSIGNAL"></col>
        <col id="col_JUMPPHASE" desc="JUMPPHASE" name="JUMPPHASE" ></col>
        <col id="col_TYPEIDX" desc="TYPEIDX" name="TYPEIDX" ></col>
        <col id="col_ISRECLOSE" desc="ISRECLOSE" name="ISRECLOSE"></col>
        <col id="col_ISLOUFA" desc="ISLOUFA" name="ISLOUFA"></col>
        <col id="col_ISSHIXU" desc="ISSHIXU" name="ISSHIXU"></col>
      </cols>
    </datasource>
  </datasources>
  <ctrls>
    <div id="div0" desc="根容器">
      <a s_height="100%" s_width="100%"></a>
      <c>
        <div id="div23" desc="容器">
          <a s_height="60px" s_padding="5px" s_width="100%" ></a>
          <c>
            <label id="label24" desc="文字">
              <a class="pdpLabel l" value="所属地市：" ></a>
            </label>
            <select id="select1" desc="下拉框" from="grid_by" source="grid_type">
              <a class="pdpSelect" s_width="300px"></a>
            </select>
            <label id="label28" desc="文字">
              <a class="pdpLabel l ml36" value="电压等级：" ></a>
            </label>
            <select id="select2" desc="下拉框" from="vol_by" source="vol_type">
              <a class="pdpSelect"></a>
            </select>
            <label id="label30" desc="文字">
              <a class="pdpLabel l ml36" value="跳闸类型：" ></a>
            </label>
            <select id="select3" desc="下拉框" from="jump_by" source="jump_type">
              <a class="pdpSelect"></a>
            </select>
            <label id="label19" desc="文字">
              <a class="pdpLabel l" value="日期：" s_margin-left="100px"></a>
            </label>
            <idate id="idate1" desc="日期" from="t0">
              <a class="id"></a>
            </idate>
            <label >
              <a class="pdpLabel l" value=" - " ></a>
            </label>
            <idate id="idate2" desc="日期" from="t1">
              <a class="id"></a>
            </idate>
            <button id="button23" desc="默认按钮">
              <a type="button" value="搜索" class="pdpBtnDefault " s_margin-left="50px"></a>
              <e>
                <onclick>
                  <list type="script" value="this.Search(); "></list>
                </onclick>
              </e>
            </button>
          </c>
        </div>
        <div id="div32" desc="容器">
          <a s_padding="5px 5px 5px 5px" ></a>
          <c>
            <itable id="itable33" desc="iview表格" from="ds_jumpmsg">
              <a _bindborder="true" stripe="false" class="tjPdpTable"></a>
              <sa stripe="true"></sa>
              <c>
                <icol id="icol34" desc="序号">
                  <a type="index" width="50px"></a>
                </icol>
                <icol id="icol35" desc="变电站" from="col_STATIONNAME">
                  <a width="110px"></a>
                </icol>
                <icol id="icol36" desc="发生时间" from="col_HAPPENTIME">
                  <a width="150px"></a>
                </icol>
                <icol id="icol37" desc="设备电压等级" from="col_VOLTAGEDESC">
                  <a width="100px"></a>
                </icol>
                <icol id="icol38" desc="跳闸设备" from="col_DEVICENAME">
                  <a width="150px"></a>
                </icol>
                <icol id="icol39" desc="跳闸过程" from="col_LOSTSIGNAL"></icol>
                <icol id="icol40" desc="故障相别" from="col_JUMPPHASE">
                  <a width="100px"></a>
                </icol>
                <icol id="icol41" desc="重合是否成功" from="col_ISRECLOSE">
                  <a width="100px"></a>
                </icol>
                <icol id="icol42" desc="信号是否漏发" from="col_ISRECLOSE">
                  <a width="100px"></a>
                </icol>
                <icol id="icol43" desc="时序是否正常" from="col_ISLOUFA">
                  <a width="100px"></a>
                </icol>
                <icol id="icol44" desc="可靠性系统开关变位信息" from="col_ISSHIXU">
                  <a width="150px"></a>
                  <c>
                    <href desc="超链接" id="href45">
                      <c>
                        <label  id="label46">
                          <a class="pdpLabel" value="查看"></a>
                        </label>
                      </c>
                      <e>
                        <onclick>
                          <list type="script" value="this.showdetail = true;"></list>
                        </onclick>
                      </e>
                    </href>
                  </c>
                </icol>
              </c>
            </itable>
          </c>
        </div>
      </c>
    </div>
  </ctrls>
  <scripts>
    <script event="created">
      <list type="script">
        <value>
          <![CDATA[
          //this.select_ds_jumpmsg();
            //this.grid_type=[[-1,"全部"],[0,"国网抚顺供电公司"],[1,"国网锦州供电公司"],[2,"国网沈阳供电公司"],[3,"国网鞍山供电公司"],[4,"国网丹东供电公司"],[5 ,"国网阜新供电公司"],[6 ,"国网辽阳供电公司"],[ 7,"国网大连供电公司"],[ 8,"国网营口供电公司"],[ 9,"国网本溪供电公司"],[ 10,"国网葫芦岛供电公司"],[ 11,"国网盘锦供电公司"],[ 12,"国网铁岭供电公司"],[ 13,"国网朝阳供电公司"],[ 14,"国网辽宁省电力有限公司检修分公司"]];
            //this.vol_type=[[-1,"全部"],[0,"500kV"],[1,"220kV"],[2,"66kV"]];
            //this.jump_type=[[-1,"全部"],[0,"变压器跳闸"],[1,"线路跳闸"],[2,"母线跳闸"]];
            
            this.grid_type=[[-1,"全部"],["国网抚顺供电公司","国网抚顺供电公司"],["国网锦州供电公司","国网锦州供电公司"],["国网沈阳供电公司","国网沈阳供电公司"],["国网鞍山供电公司","国网鞍山供电公司"],["国网丹东供电公司","国网丹东供电公司"],["国网阜新供电公司" ,"国网阜新供电公司"],["国网辽阳供电公司" ,"国网辽阳供电公司"],[ "国网大连供电公司","国网大连供电公司"],[ "国网营口供电公司","国网营口供电公司"],[ "国网本溪供电公司","国网本溪供电公司"],[ "国网葫芦岛供电公司","国网葫芦岛供电公司"],[ "国网盘锦供电公司","国网盘锦供电公司"],[ "国网铁岭供电公司","国网铁岭供电公司"],[ "国网朝阳供电公司","国网朝阳供电公司"],[ "国网辽宁省电力有限公司检修分公司","国网辽宁省电力有限公司检修分公司"]];
            this.vol_type=[[-1,"全部"],["500kV","500kV"],["220kV","220kV"],["66kV","66kV"]];
            this.jump_type=[[-1,"全部"],[1,"断路器跳闸"],[21,"线路跳闸"],[15,"母线跳闸"]];
            
            
            
            this.Search = function(){
              this.t2 = Ysh.Time.formatString(Ysh.Time.toString(this.idate1, true, false), 111000) + " 00:00:00";
              this.t3 = Ysh.Time.formatString(Ysh.Time.toString(this.idate2, true, false), 111000) + " 23:59:59";
              //+ " 00:00:00";
              
              //this.strTime =  "A.HAPPENTIME between '" + this.t2  + "'";
               this.strGrid = "";
              if(this.select1 != "" && this.select1 != "-1"){
                  this.strGrid = "AND DS.BELONGCITYNAME = '" + this.select1 + "'";
              }/*else{this.strGrid = "where DS.BELONGCITYNAME IS NOT NULL "}*/
              this.strVol = this.select2 == "-1" ? "" : "AND V.VOLTAGEDESC = '" + this.select2  + "'";
              this.strJump = this.select3 == "-1" ? "" : "AND  A.TYPEIDX= '" + this.select3  + "'";                          
              this.select_ds_jumpmsg();          
              }
              this.Search();
            
          ]]>
        </value>
      </list>
    </script>
    <script event="mounted">
      <list type="script">
        <value>
          <![CDATA[
            this.s_history="none";
          ]]>
        </value>
      </list>
    </script>
  </scripts>
</root>