﻿<?xml version="1.0" encoding="utf-8"?>
<root maxid="18" desc="空白页">
  <inits>
    <init id="init12" desc="设备信息" type="request" arg="paramslist"></init>
    <init id="init13" desc="设备全路径" type="request" arg="fullpath"></init>
    <init id="init14" desc="设备名称" type="request" arg="devicename"></init>
  </inits>
  <consts>
    <const desc="信息列表" type="2d" id="const18" length="8"></const>
  </consts>
  <ctrls>
    <div id="div0" desc="根容器">
      <a class="divBox"></a>
      <c> 
        <div id="div2" desc="容器">
          <a class="fsac" s_padding-left="5px" s_height="40px" s_border-bottom="1px solid #cfd4df"></a>
          <c>
            <label id="labelpath" desc="文字" from="init13">
              <s font-size="18px" color="#282828"></s>
            </label>
          </c>
        </div>
        <subfile id="riskCharts" desc="设备健康评估">
          <a file="/App_Data/design/diffvalue_trans"></a>
          <sa devicename="init13"></sa>
        </subfile>
        <div id="div4" desc="容器">
      		<a class="divBoxTitleWrapper"></a>
          <c>
            <label id="label15" desc="文字">
              <a id="aBase" class="divBoxTitle"></a>
              <a value="设备基本信息"></a>
            </label>
          </c>
        </div>
        <div id="div5" desc="容器">
          <a s_padding-bottom="5px"></a>
          <c>
            <label id="label16" desc="文字">
              <a class="divBoxSmallTitle" value="设备名称："></a>
            </label>
            <label id="label17" desc="文字">
              <a class="divBoxSmallTitle" value="文字"></a>
              <sa value="init14"></sa>
            </label>
          </c>
        </div>
        <table id="table6" desc="表格">
          <a class="divBoxTable" s_height="100%" s_width="100%"></a>
          <c>
            <tr id="tr7" desc="表行" loop="const18">
              <s background-color="white"></s>
              <c>
                <td id="td0" desc="名称列">
                  <a class="namecol" s_width="13%"></a>
                  <c>
                    <label id="label0" desc="文字">
                      <sa value="const18_0"></sa>
                    </label>
                  </c>
                </td>
                <td id="td1" desc="值列">
                  <a s_width="12%"></a>
                  <c>
                    <label id="label1" desc="文字">
                      <sa value="const18_1"></sa>
                    </label>
                  </c>
                </td>
                <td id="td2" desc="名称列">
                  <a class="namecol" s_width="13%"></a>
                  <c>
                    <label id="label2" desc="文字">
                      <sa value="const18_2"></sa>
                    </label>
                  </c>
                </td>
                <td id="td3" desc="值列">
                  <a s_width="12%"></a>
                  <c>
                    <label id="label3" desc="文字">
                      <sa value="const18_3"></sa>
                    </label>
                  </c>
                </td>
                <td id="td4" desc="名称列">
                  <a class="namecol" s_width="13%"></a>
                  <c>
                    <label id="label4" desc="文字">
                      <sa value="const18_4"></sa>
                    </label>
                  </c>
                </td>
                <td id="td5" desc="值列">
                  <a s_width="12%"></a>
                  <c>
                    <label id="label5" desc="文字">
                      <sa value="const18_5"></sa>
                    </label>
                  </c>
                </td>
                <td id="td6" desc="名称列">
                  <a class="namecol" s_width="13%"></a>
                  <c>
                    <label id="label6" desc="文字">
                      <sa value="const18_6"></sa>
                    </label>
                  </c>
                </td>
                <td id="td7" desc="值列">
                  <c>
                    <label id="label7" desc="文字">
                      <sa value="const18_7"></sa>
                    </label>
                  </c>
                </td>
              </c>
            </tr>
          </c>
        </table>
      </c>
    </div>
  </ctrls>
  <scripts>
    <script event="created">
      <list type="script">
        <value>
          <![CDATA[
          var temp = [];
          var row = [];
          for (var i = 0;i < this.paramslist.length;i+=4) {
            for (var j = 0;j < 4;j++) {
              var item = (i + j < this.paramslist.length) ? this.paramslist[i + j] : ["",""];
              row.push(item[0]);
              row.push(item[1]);
            }
            temp.push(row);
            row = [];
          }
          this.const18=temp;
          ]]>
        </value>
      </list>
    </script>
    <script event="mounted"></script>
  </scripts>
</root>