﻿<?xml version="1.0" encoding="utf-8"?>
<root maxid="110" desc="空白页">
  <consts>
    <const id="bind" desc="绑定" type="string" arg=""></const>
    <const id="t1" desc="参数1" type="string" arg=""></const>
    <const id="arg_time" desc="时间" type="string"></const>
    <const id="arg_name" desc="姓名" type="string"></const>
    <const id="arg_high" desc="高调" type="string"></const>
    <const id="var_user" desc="user" type="2d" length="2"></const>
  </consts>
  <datasources>
    <datasource id="ds_add" desc="test" db="ConnMain" type="single" tbl="TBOUTAGEAPPLICATION">
      <cols>
        <col id="col1" desc="ID" name="ID" from="bind"></col>
        <col id="col2" desc="时间" name="PERMISSIONTIME"></col>
        <col id="col3" desc="工作票编号" name="WORKORDER"></col>
        <col id="col4" desc="负责人" name="CHARGEPERSON"></col>
        <col id="col5" desc="许可人" name="LICENSOR"></col>
        <col id="col6" desc="时间" name="REPORTTIME"></col>
        <col id="col7" desc="汇报人" name="REPORTER"></col>
        <col id="col8" desc="汇报高调" name="REPORTHIGH"></col>
      </cols>
    </datasource>
    <datasource id="ds_data" desc="查询" db="ConnMain" type="simple">
      <sql>
        <![CDATA[
                SELECT WORKORDER,PERMISSIONTIME,CHARGEPERSON,B.USERNAME AS LICENSORID,REPORTTIME,C.USERNAME AS REPORTERID,REPORTHIGH,ID,LICENSOR,REPORTER
                FROM MONITORSIGNAL.TBOUTAGEAPPLICATION A
                JOIN APPUSERTESTSXXC.dbuser B ON A.LICENSOR=B.USERNUM
                JOIN APPUSERTESTSXXC.dbuser C ON A.REPORTER=C.USERNUM
                WHERE PERMISSIONTIME=to_date({0},'yyyy-mm-dd hh24:mi:ss') AND CHARGEPERSON={1} AND REPORTHIGH={2}
                ]]>
      </sql>
      <cols>
        <col id="permission_time" desc="时间" name="permission_time" from="arg_time"></col>
        <col id="charge_person" desc="负责人" name="charge_person" from="arg_name"></col>
        <col id="report_high" desc="高调" name="report_high" from="arg_high"></col>
        <col id="col_data_workorder" desc="工作票编号" name="WORKORDER"></col>
        <col id="col_data_permissiontime" desc="许可时间" name="PERMISSIONTIME"></col>
        <col id="col_data_chargeperson" desc="工作负责人/现场许可人" name="CHARGEPERSON"></col>
        <col id="col_data_licensor" desc="许可人" name="LICENSOR"></col>
        <col id="col_data_reporttime" desc="汇报时间" name="REPORTTIME"></col>
        <col id="col_data_reporter" desc="汇报人" name="REPORTER"></col>
        <col id="col_data_reporthigh" desc="行高调" name="REPORTHIGH"></col>
        <col id="col_data_id" desc="行id" name="ID"></col>
        <col id="col_data_licensor" desc="行许可" name="LICENSORID"></col>
        <col id="col_data_reporter" desc="行汇报" name="REPORTERID"></col>
      </cols>
    </datasource>
    <datasource id="ds_user" desc="查询用户" db="APPUSER" type="simple">
      <sql>
        <![CDATA[
                SELECT USERNUM,USERNAME
                FROM APPUSERTESTSXXC.DBUSER
                ORDER BY USERNUM                
                ]]>
      </sql>
      <cols>

        <col id="col_data_usernum" desc="用户id" name="USERNUM"></col>
        <col id="col_data_username" desc="用户名" name="USERNAME"></col>
      </cols>
    </datasource>
  </datasources>
  <dlls>
    <dll id="dll_table" desc="删除表单" dllid="SmartSignal:SmartSignal.Main.Delete_pullingup">
      <inputs>
        <input id="arg0" desc="行id" from="t1"></input>
      </inputs>
    </dll>
  </dlls>
  <ctrls>
    <div id="div0" desc="根容器">
      <a s_height="100%" s_width="100%"></a>
      <c>
        <div id="div2" desc="容器">
          <a class="pdpLayoutWrapper"></a>
          <c>
            <label id="label3" desc="文字">
              <a value="停役申请单" class="pdpTitle"></a>
            </label>
            <div id="div4" desc="容器">
              <c>
                <table id="table5" desc="表格">
                  <a class="pdpLayoutTable"></a>
                  <c>
                    <tr id="tr6" desc="表行">
                      <c>
                        <td id="td7" desc="单元格">
                          <a s_width="11%"></a>
                          <c>
                            <label id="label15" desc="文字">
                              <a class="pdpLabel" value="变电站"></a>
                            </label>
                          </c>
                        </td>
                        <td id="td8" desc="单元格">
                          <a s_width="11%"></a>
                          <c>
                            <text id="text16" desc="文本框">
                              <a type="text" placeholder="请输入文字" class="pdpText" s_width="100%"></a>
                            </text>
                          </c>
                        </td>
                        <td id="td9" desc="单元格">
                          <a s_width="11%"></a>
                          <c>
                            <label id="label17" desc="文字">
                              <a class="pdpLabel" value="回路"></a>
                            </label>
                          </c>
                        </td>
                        <td id="td10" desc="单元格">
                          <a s_width="11%"></a>
                          <c>
                            <text id="text18" desc="文本框">
                              <a type="text" placeholder="请输入文字" class="pdpText" s_width="100%"></a>
                            </text>
                          </c>
                        </td>
                        <td id="td11" desc="单元格">
                          <a s_width="11%"></a>
                          <c>
                            <label id="label19" desc="文字">
                              <a class="pdpLabel" value="停役持续时间"></a>
                            </label>
                          </c>
                        </td>
                        <td id="td12" desc="单元格">
                          <a colspan="2"></a>
                          <c>
                            <idate id="time20" desc="时间">
                              <a type="datetime" format="yyyy-MM-dd HH:mm"></a>
                            </idate>
                            <label id="label21" desc="文字">
                              <a class="pdpLabel" value="至"></a>
                            </label>
                            <idate id="time22" desc="时间">
                              <a type="datetime" format="yyyy-MM-dd HH:mm"></a>
                            </idate>
                          </c>
                        </td>
                        <td id="td13" desc="单元格">
                          <a s_width="11%"></a>
                          <c>
                            <label id="label23" desc="文字">
                              <a class="pdpLabel" value="批准人"></a>
                            </label>
                          </c>
                        </td>
                        <td id="td14" desc="单元格">
                          <a s_width="11%"></a>
                          <c>
                            <text id="text24" desc="文本框">
                              <a type="text" placeholder="请输入文字" class="pdpText" s_width="100%"></a>
                            </text>
                          </c>
                        </td>
                      </c>
                    </tr>
                    <tr id="tr25" desc="表行">
                      <c>
                        <td id="td26" desc="单元格">
                          <c>
                            <label id="label28" desc="文字">
                              <a class="pdpLabel" value="工作内容"></a>
                            </label>
                          </c>
                        </td>
                        <td id="td27" desc="单元格">
                          <a colspan="8" s_height="100px"></a>
                          <c>
                            <textarea id="textarea29" desc="多行文本">
                              <a s_height="100%" s_width="100%"></a>
                            </textarea>
                          </c>
                        </td>
                      </c>
                    </tr>
                    <tr id="tr30" desc="表行">
                      <c>
                        <td id="td31" desc="单元格">
                          <c>
                            <label id="label32" desc="文字">
                              <a class="pdpLabel" value="调度许可时间"></a>
                            </label>
                          </c>
                        </td>
                        <td id="td33" desc="单元格">
                          <c>
                            <idate id="time34" desc="时间">
                              <a type="datetime" format="yyyy-MM-dd HH:mm"></a>
                            </idate>
                          </c>
                        </td>
                        <td id="td37" desc="单元格">
                          <c>
                            <label id="label38" desc="文字">
                              <a class="pdpLabel" value="调度姓名"></a>
                            </label>
                          </c>
                        </td>
                        <td id="td39" desc="单元格">
                          <c>
                            <text id="text_charge" desc="文本框">
                              <a type="text" placeholder="请输入文字" class="pdpText" s_width="100%"></a>
                            </text>
                          </c>
                        </td>
                        <td id="td43" desc="单元格">
                          <c>
                            <label id="label44" desc="文字">
                              <a class="pdpLabel" value="高调"></a>
                            </label>
                          </c>
                        </td>
                        <td id="td45" desc="单元格">
                          <c>
                            <iselect id="select46" desc="下拉框" source="var_user">
                              <a class="pdpSelect" s_width="100%"></a>
                            </iselect>
                          </c>
                        </td>
                        <td id="td53" desc="单元格">
                          <s text-align="left" padding-left="20px"></s>
                          <c>
                            <button id="button54" desc="默认按钮">
                              <a type="button" value="搜索" class="pdpBtnDefault"></a>
                              <e>
                                <onclick>
                                  <list type="script">
                                    <value>
                                      <![CDATA[
                                                                    this.searchData();
                                                                    ]]>
                                    </value>
                                  </list>
                                </onclick>
                              </e>
                            </button>
                          </c>
                        </td>
                      </c>
                    </tr>
                    <tr id="tr62" desc="表行">
                      <c>
                        <td id="td65" desc="单元格">
                          <a colspan="9" s_text-align="center" s_padding="0"></a>
                          <c>
                            <itable id="itable66" desc="iview表格" from="ds_data">
                              <sa stripe="true" highlight-row="true"></sa>
                              <e>
                                <on-row-click>
                                  <list type="script">
                                    <value>
                                      <![CDATA[
                                                                    this.bind = row.ID;
                                                                    this.picked(row);
                                                                ]]>
                                    </value>
                                  </list>
                                </on-row-click>
                              </e>
                              <c>
                                <icol id="icol67" desc="iview表列" from="col_data_workorder">
                                  <a title="工作票编号"></a>
                                </icol>
                                <icol id="icol68" desc="iview表列" from="col_data_permissiontime">
                                  <a title="许可时间"></a>
                                </icol>
                                <icol id="icol69" desc="iview表列" from="col_data_chargeperson">
                                  <a title="工作负责人/现场许可人"></a>
                                </icol>
                                <icol id="icol70" desc="iview表列" from="col_data_licensor">
                                  <a title="许可人"></a>
                                </icol>
                                <icol id="icol71" desc="iview表列" from="col_data_reporttime">
                                  <a title="汇报时间"></a>
                                </icol>
                                <icol id="icol72" desc="iview表列" from="col_data_reporter">
                                  <a title="汇报人"></a>
                                </icol>
                              </c>
                            </itable>
                          </c>
                        </td>
                      </c>
                    </tr>
                    <tr id="tr64" desc="表行">
                      <c>
                        <td id="td74" desc="单元格">
                          <c>
                            <label id="label82" desc="文字">
                              <a class="pdpLabel" value="许可时间"></a>
                            </label>
                          </c>
                        </td>
                        <td id="td75" desc="单元格">
                          <c>
                            <idate id="time89" desc="时间" from="col2">
                              <a type="datetime" format="yyyy-MM-dd HH:mm"></a>
                            </idate>
                          </c>
                        </td>
                        <td id="td76" desc="单元格">
                          <c>
                            <label id="label84" desc="文字">
                              <a class="pdpLabel" value="工作票编号"></a>
                            </label>
                          </c>
                        </td>
                        <td id="td77" desc="单元格">
                          <c>
                            <text id="text85" desc="文本框" from="col3">
                              <a type="text" placeholder="请输入文字" class="pdpText" s_width="100%"></a>
                            </text>
                          </c>
                        </td>
                        <td id="td78" desc="单元格">
                          <c>
                            <label id="label86" desc="文字">
                              <a class="pdpLabel" value="工作负责人/现场许可人" s_width="100px"></a>
                            </label>
                          </c>
                        </td>
                        <td id="td79" desc="单元格">
                          <a colspan="2"></a>
                          <c>
                            <text id="text87" desc="文本框" from="col4">
                              <a type="text" placeholder="请输入文字" class="pdpText" s_width="75%"></a>
                            </text>
                          </c>
                        </td>
                        <td id="td80" desc="单元格">
                          <c>
                            <label id="label90" desc="文字">
                              <a class="pdpLabel" value="许可人"></a>
                            </label>
                          </c>
                        </td>
                        <td id="td81" desc="单元格">
                          <c>
                            <iselect id="select91" desc="下拉框" source="var_user" from="col5">
                              <a class="pdpSelect" s_width="100%"></a>
                            </iselect>
                          </c>
                        </td>
                      </c>
                    </tr>
                    <tr id="tr73" desc="表行">
                      <c>
                        <td id="td92" desc="单元格">
                          <c>
                            <label id="label93" desc="文字">
                              <a class="pdpLabel" value="汇报时间"></a>
                            </label>
                          </c>
                        </td>
                        <td id="td94" desc="单元格">
                          <c>
                            <idate id="time95" desc="时间" from="col6">
                              <a type="datetime" format="yyyy-MM-dd HH:mm"></a>
                            </idate>
                          </c>
                        </td>
                        <td id="td97" desc="单元格">
                          <c>
                            <label id="label98" desc="文字">
                              <a class="pdpLabel" value="汇报人"></a>
                            </label>
                          </c>
                        </td>
                        <td id="td99" desc="单元格">
                          <c>
                            <iselect id="select100" desc="下拉框" source="var_user" from="col7">
                              <a class="pdpSelect" s_width="100%"></a>
                            </iselect>
                          </c>
                        </td>
                        <td id="td101" desc="单元格">
                          <c>
                            <label id="label102" desc="文字">
                              <a class="pdpLabel" value="汇报高调"></a>
                            </label>
                          </c>
                        </td>
                        <td id="td103" desc="单元格">
                          <c>
                            <iselect id="select104" desc="下拉框" source="var_user" from="col8">
                              <a class="pdpSelect" s_width="100%"></a>
                            </iselect>
                          </c>
                        </td>
                      </c>
                    </tr>
                    <tr id="tr105" desc="表行">
                      <c>
                        <td id="td106" desc="单元格">
                          <a colspan="9" s_text-align="center"></a>
                          <c>
                            <button id="button107" desc="默认按钮">
                              <a type="button" value="增加" class="pdpBtnDefault" s_margin-left="15px" s_margin-right="15px"></a>
                              <e>
                                <onclick>
                                  <list type="script">
                                    <value>
                                      <![CDATA[
                                                                    this.insertData();
                                                                    ]]>
                                    </value>
                                  </list>
                                  <list type="update" ds="ds_add"></list>
                                  <list type="script">
                                    <value>
                                      <![CDATA[
                                                                    this.searchData();
                                                                    this.bind = "";
                                                                    ]]>
                                    </value>
                                  </list>
                                </onclick>
                              </e>
                            </button>
                            <button id="button108" desc="默认按钮">
                              <a type="button" value="编辑" class="pdpBtnDefault"></a>
                              <e>
                                <onclick>
                                  <list type="script">
                                    <value>
                                      <![CDATA[
                                                                    if(this.bind == "")
                                                                    {
                                                                        alert("请点击表格中需要修改的记录！");
                                                                        return;
                                                                    }
                                                                    ]]>
                                    </value>
                                  </list>
                                  <list type="update" ds="ds_add"></list>
                                  <list type="script">
                                    <value>
                                      <![CDATA[
                                                                    this.searchData();
                                                                    this.bind = "";
                                                                    ]]>
                                    </value>
                                  </list>
                                </onclick>
                              </e>
                            </button>
                            <button id="button109" desc="默认按钮">
                              <a type="button" value="删除" class="pdpBtnDefault" s_margin-left="15px" s_margin-right="15px"></a>
                              <e>
                                <onclick>
                                  <list type="script">
                                    <value>
                                      <![CDATA[
                                                                    if(this.bind == "")
                                                                    {
                                                                        alert("请点击表格中需要修改的记录！");
                                                                        return;
                                                                    }
                                                                    this.DeleteData(this.bind);
                                                                    ]]>
                                    </value>
                                  </list>
                                </onclick>
                              </e>
                            </button>
                            <button id="button110" desc="默认按钮">
                              <a type="button" value="取消" class="pdpBtnDefault"></a>
                              <e>
                                <onclick>
                                  <list type="script">
                                    <value>
                                      <![CDATA[
                                                                    this.bind = "";
                                                                    ]]>
                                    </value>
                                  </list>
                                </onclick>
                              </e>
                            </button>
                          </c>
                        </td>
                      </c>
                    </tr>
                  </c>
                </table>
              </c>
            </div>
          </c>
        </div>
      </c>
    </div>
  </ctrls>
  <scripts>
    <script event="created">
      <list type="script">
        <value>
          <![CDATA[
                        this.select_ds_user();
                        var arr = new Array();
                        for(var i=0;i<this.ds_user.length;i++)
                        {
                            var o = new Array();
                            o.push(this.col_data_usernum[i],this.col_data_username[i]);
                            arr.push(o);
                            //console.log(arr);
                        }
                        //console.log(arr);
                        this.var_user = arr;
                    ]]>
        </value>
      </list>
    </script>
    <script event="mounted">
      <list type="script">
        <value>
          <![CDATA[
                        this.pageInit = function(){
                            var style = document.createElement("style");
                            style.type = "text/css";

                            style.appendChild(document.createTextNode(" .ivu-table th :hover{cursor:pointer;background-color:#D8ECEF} .ivu-table-row:hover{cursor:pointer;}  tr.ivu-table-row-highlight{ font-weight:bold;}"));

                            var head = document.getElementsByTagName("head")[0];
                            head.appendChild(style);
                        }
                        this.pageInit();

                        this.picked = function(Row){
                            console.log(Row.ID);
                            this.time89 = Row.PERMISSIONTIME;
                            this.time95 = Row.REPORTTIME;
                            this.text85 = Row.WORKORDER;
                            this.text87 = Row.CHARGEPERSON;
                            this.select91 = Row.LICENSORID;
                            this.select100 = Row.REPORTERID;
                            this.select104 = Row.REPORTHIGH;
                        }

                        this.insertData = function(){                          
                            this.bind = "";
                        }

                        this.searchData = function(){
                            this.arg_time = Ysh.Time.formatString(Ysh.Time.toString(this.time34, false, false), 111110);
                            this.arg_name = this.text_charge;
                            this.arg_high = this.select46;
                            this.select_ds_data();
                        }
                        this.DeleteData = function(Rowid){
                            this.t1 = Rowid;
                            this.invoke_dll_table();
                            this.searchData(); 
                        }
                    ]]>
        </value>
      </list>
    </script>
  </scripts>
</root>