﻿<?xml version="1.0" encoding="utf-8"?>
<root maxid="12" desc="空白页">
  <inits>
    <init id="init2" desc="设备名称" type="request" arg="devicename"></init>
    <init id="init3" desc="信息数据" type="request" arg="rundata"></init>
  </inits>
  <consts>
    <const id="const10" desc="信息名称" type="string[]"></const>
    <const id="const11" desc="信息值" type="string[]"></const>
  </consts>
  <ctrls>
    <div id="div0" desc="根容器">
      <a class="divBox"></a>
      <c>
        <div id="div4" desc="容器">
          <a class="divBoxTitleWrapper"></a>
          <c>
            <label id="label8" desc="文字" from="devicename">
            	<a class="divBoxTitle"></a>
            </label>
            <label id="label9" desc="文字">
              <a class='divBoxTitle' id="aRun" value="设备运行信息"></a>
            </label>
          </c>
        </div>
        <table id="table5" desc="表格">
          <a class="divBoxRowTable" s_height="100%" s_width="100%"></a>
          <c>
            <tr id="tr6" desc="项目">
              <c>
                <td id="td7" desc="单元格" loop="const10">
                  <c>
                    <label id="label12" desc="文字" from="const10"></label>
                  </c>
                </td>
              </c>
            </tr>
            <tr id="tr7" desc="值">
              <c>
                <td id="td8" desc="单元格" loop="const11">
				  <a s_text-align="center"></a>
                  <c>
                    <label id="label13" desc="文字" from="const11"></label>
                  </c>
                </td>
              </c>
            </tr>
          </c>
        </table>
      </c>
    </div>
  </ctrls>
  <scripts>
    <script event="created">
      <list type="script">
        <value>
          <![CDATA[
          var names = [];
          var values = [];
          if (this.rundata) {
            for (var i = 0;i < this.rundata.length;i++) {
              var item = this.rundata[i];
              names.push(item[0]);
              values.push(item[1]);
            }
          }
          this.const10 = names;
          this.const11 = values;
          ]]>
        </value>
      </list>
    </script>
    <script event="mounted"></script>
  </scripts>
</root>