﻿<?xml version="1.0" encoding="utf-8"?>
<root maxid="11" desc="空白页">
  <inits>
    <init id="init1" desc="设备id" type="request" arg="deviceid"></init>
    <init id="init9" desc="厂家" type="request" arg="facname"></init>
    <init id="init10" desc="型号" type="request" arg="model"></init>
    <init id="area0" desc="地区后缀" type="request" arg="areasuffix"></init>
  </inits>
  <consts>
    <const id="const11" desc="语句" arg="" type="string"></const>
  </consts>
  <datasources>
    <datasource id="ds0" desc="设备列表" db="DeviceParam" type="simple">
      <sql>
        <![CDATA[
        SELECT d1.devicestrid as deviceid,t.deptdesc || ' ' || d1.devicedesc as devicename FROM psgraph_data.tdevice{{3}} d1
LEFT JOIN DBDEVICE d2 ON d1.devicename=d2.fullname
left join psgraph_data.tdepartment{{3}} t on d1.ownerdepartidx=departidx 
WHERE d2.FACTORY_NAME={0} AND d2.DEVMODE_NAME={1} AND d1.devicestrid<>{2} ORDER BY t.deptdesc
        ]]>
      </sql>
      <cols>
        <col id="col0" desc="厂家" name="fac" from="init9"></col>
        <col id="col1" desc="型号" name="model" from="init10"></col>
        <col id="col_devid" desc="选择设备id" name="devicestrid" from="init1"></col>
        <col id="colarea" desc="地区后缀" name="area0" from="area0"></col>
        <col id="col2" desc="设备id" name="deviceid"></col>
        <col id="col3" desc="设备名称" name="devicename"></col>
      </cols>
    </datasource>
  </datasources>
  <ctrls>
    <div id="div0" desc="根容器">
      <a s_width="100%"></a>
      <c>
        <div id="div2" desc="容器">
          <a s_font-size="16px" s_color="#282828" s_padding-bottom="10px"></a>
          <c>
            <label id="label7" desc="文字">
              <a class="pdpLabel" value="同型号其它变压器分布"></a>
            </label>
          </c>
        </div>
        <div id="div3" desc="容器">
          <a s_font-size="14px" s_padding-bottom="10px"></a>
          <c>
            <label id="label8" desc="文字">
              <sa value="const11"></sa>
            </label>
          </c>
        </div>
        <div>
        	<a class="fsac" s_flex-wrap="wrap"></a>
        	<c>
        		<loop id="loop4" desc="循环显示" from="ds0">
		          <c>
		            <div>
		              <a s_flex-basis="90px" s_padding-bottom="5px"></a>
		              <c>
		                <href id="href5" desc="超链接">
                      <a class="pdpHref"></a>
		                  <sa href="'archive_trans.html?id=' + item_loop4[0]"></sa>
		                  <c>
		                    <label id="label6" desc="文字">
		                      <sa value="col3"></sa>
		                    </label>
		                  </c>
		                </href>
		              </c>
		            </div>
		          </c>
		        </loop>
        	</c>
        </div>
      </c>
    </div>
  </ctrls>
  <scripts>
    <script event="created">
      <list type="select" ds="ds0" async="true"></list>
      <list type="script">
        <value>
          <![CDATA[this.const11 = "使用"+this.init9+"   "+this.init10+"型号的其它主变有：";]]>
        </value>
      </list>
    </script>
    <script event="mounted">
      <list type="script">
        <value>
          <![CDATA[
          ]]>
        </value>
      </list>
    </script>
  </scripts>
</root>