﻿<?xml version="1.0" encoding="utf-8"?>
<root maxid="46" desc="空白页">
  <inits>
    <init id="decid" desc="设备Id" type="request" arg="id"></init>
    <init id="area0" desc="地区后缀" type="request" arg="AreaSuffix"></init>
  </inits>
  <consts>
    <const id="t0" desc="默认日期" arg="d,d,-1" type="time"></const>
    <const id="t1" desc="表名" type="string"></const>
    <const id="t2" desc="行id" type="string"></const>
    <const id="t3" desc="列名" type="string"></const>
    <const id="t4" desc="列值" type="string"></const>
    <const id="t5" desc="查询时间start" type="string"></const>
    <const id="t6" desc="查询时间end" type="string"></const>
  </consts>
  <datasources>
    <datasource db="SGTHEME" type="simple" desc="视频监视" id="ds29">
      <cols>
        <col id="col_starttime" desc="starttime" name="starttime" from="t5"></col>
        <col id="col_endtime" desc="endtime" name="endtime" from="t6"></col>
        <col name="LINKINDEX" desc="LINKINDEX" id="col30"></col>
        <col name="A1" desc="A1" id="col31"></col>
        <col name="B1" desc="B1" id="col32"></col>
        <col name="C1" desc="C1" id="C1"></col>
        <col name="A2" desc="A2" id="col33"></col>
        <col name="B2" desc="B2" id="col34"></col>
        <col name="C2" desc="C2" id="C2"></col>
        <col name="A3" desc="A3" id="col35"></col>
        <col name="B3" desc="B3" id="col36"></col>
        <col name="C3" desc="C3" id="C3"></col>
        <col name="SHOWEDIT" desc="SHOWEDIT" id="SHOWEDIT"></col>
        <col name="ROWCLASS" desc="ROWCLASS" id="ROWCLASS"></col>
        <col name="A4" desc="A4" id="col37"></col>
        <col name="B4" desc="B4" id="col38"></col>
        <col name="C4" desc="C4" id="C4"></col>
        <col name="A5" desc="A5" id="col39"></col>
        <col name="B5" desc="B5" id="col40"></col>
        <col name="C5" desc="C5" id="C5"></col>
        <col name="A6" desc="A6" id="col41"></col>
        <col name="B6" desc="B6" id="col42"></col>
        <col name="C6" desc="C6" id="C6"></col>
        <col name="A7" desc="A7" id="col43"></col>
        <col name="B7" desc="B7" id="col44"></col>
        <col name="C7" desc="C7" id="C7"></col>
        <col name="A8" desc="A8" id="col45"></col>
        <col name="B8" desc="B8" id="col46"></col>
        <col name="C8" desc="C8" id="C8"></col>
      </cols>
      <sql>
        <![CDATA[select a.LINKINDEX,a.EQUIP_VIDEO_NUM as a1,b.EQUIP_VIDEO_NUM as b1,
        decode(a.EQUIP_VIDEO_NUM,b.EQUIP_VIDEO_NUM,'black','red') as c1,
        a.NOCLEAR_NUM as a2,b.NOCLEAR_NUM as b2,
        decode(a.NOCLEAR_NUM,b.NOCLEAR_NUM,'black','red') as c2,
        a.NOIMAGE_NUM as a3,b.NOIMAGE_NUM as b3,
        decode(a.NOIMAGE_NUM,b.NOIMAGE_NUM,'black','red') as c3,
        CASE WHEN b.LINKINDEX IS NULL THEN 'none' ELSE '' end as showEdit,
        CASE WHEN b.LINKINDEX IS NULL THEN 'delline' ELSE '' end as rowclass,
        a.NOPOSITION_NUM as a4,b.NOPOSITION_NUM as b4,
        decode(a.NOPOSITION_NUM,b.NOPOSITION_NUM,'black','red') as c4,
        a.IMAGE_NUM as a5,b.IMAGE_NUM as b5,
        decode(a.IMAGE_NUM,b.IMAGE_NUM,'black','red') as c5,
        a.PF_VIDEO_NUM as a6,b.PF_VIDEO_NUM as b6,
        decode(a.PF_VIDEO_NUM,b.PF_VIDEO_NUM,'black','red') as c6,
        a.SEC_VIDEO_NUM as a7,b.SEC_VIDEO_NUM as b7,
        decode(a.SEC_VIDEO_NUM,b.SEC_VIDEO_NUM,'black','red') as c7,
        a.ST_VIDEO_NUM as a8,b.ST_VIDEO_NUM as b8,
        decode(a.ST_VIDEO_NUM,b.ST_VIDEO_NUM,'black','red') as c8

        from "SG_THEME"."SG_RPT_DSC_S_MONITORSYSTEM" a
        left join "SG_THEME"."SG_RPT_DSC_S_MONITORSYSTEM_EDIT" b
        on a.LINKINDEX = b.LINKINDEX
        where a.STA_DAY between {0} and {1}]]>
      </sql>
    </datasource>
  </datasources>
  <dlls>
    <dll id="dll_table" desc="执行修改操作" dllid="SmartSignal:SmartSignal.Main.UpdatetableValue">
      <inputs>
        <input id="arg0" desc="表名" from="t1"></input>
        <input id="arg1" desc="行id" from="t2"></input>
        <input id="arg2" desc="列名" from="t3"></input>
        <input id="arg3" desc="列值" from="t4"></input>
      </inputs>
    </dll>
    <dll id="dll_del" desc="执行删除操作" dllid="SmartSignal:SmartSignal.Main.DeletetableValue">
      <inputs>
        <input id="arg0" desc="表名" from="t1"></input>
        <input id="arg1" desc="行id" from="t2"></input>
      </inputs>
    </dll>
  </dlls>
  <ctrls>
    <div id="div0" desc="根容器">
      <a s_height="100%" s_width="100%" s_background-color="white" s_text-align="center"></a>
      <c>
        <div desc="容器" id="div3">
          <s padding="5px"></s>
          <c>
            <button id="button24" desc="默认按钮">
              <a type="button" value="新增" class="pdpBtnDefault"></a>
              <e>
                <onclick>
                  <list type="script" value="this.Search();"></list>
                </onclick>
              </e>
            </button>
          </c>
          <a s_text-align="right"></a>
        </div>
        <div desc="容器" id="div4">
          <s padding="5px"></s>
          <c>
            <itable desc="iview表格" id="itable8" from="ds29">
              <sa stripe="true"></sa>
              <c>
                <icol desc="序号" id="icol9">
                  <a type="index"></a>
                </icol>
                <icol desc="工作类型" id="icol11" >
                  <c>
                    <div desc="删除线" id="divdelline">
                      <sa class="ROWCLASS"></sa>
                    </div>
                    <text id="text32" desc="文本框" from="col32">
                      <a type="text" placeholder="请输入文字" class="pdpText" s_width="60px"></a>
                      <sa s_color="C1"></sa>
                      <e>
                        <onchange>
                          <list type="script" value="this.updatetxt(this,'EQUIP_VIDEO_NUM','B1');"></list>
                        </onchange>
                      </e>
                    </text>
                  </c>
                </icol>
                <icol desc="部件名称" id="icol13" >
                  <c>
                    <text id="text34" desc="文本框" from="col34">
                      <a type="text" placeholder="请输入文字" class="pdpText" s_width="60px"></a>
                      <sa s_color="C2"></sa>
                      <e>
                        <onchange>
                          <list type="script" value="this.updatetxt(this,'NOCLEAR_NUM','B2');"></list>
                        </onchange>
                      </e>
                    </text>
                  </c>
                </icol>
                <icol desc="工作周期定义" id="icol15" >
                  <c>
                    <text id="text36" desc="文本框" from="col36">
                      <a type="text" placeholder="请输入文字" class="pdpText" s_width="60px"></a>
                      <sa s_color="C3"></sa>
                      <e>
                        <onchange>
                          <list type="script" value="this.updatetxt(this,'NOIMAGE_NUM','B3');"></list>
                        </onchange>
                      </e>
                    </text>
                  </c>
                </icol>
                <icol desc="例外原则" id="icol17" >
                  <c>
                    <text id="text38" desc="文本框" from="col38">
                      <a type="text" placeholder="请输入文字" class="pdpText" s_width="60px"></a>
                      <sa s_color="C4"></sa>
                      <e>
                        <onchange>
                          <list type="script" value="this.updatetxt(this,'NOPOSITION_NUM','B4');"></list>
                        </onchange>
                      </e>
                    </text>
                  </c>
                </icol>
                <icol desc="操作" id="icol26">
                  <c>
                    <button>
                      <a type="button" value="删除" class="pdpBtnDefault" s_margin-right="7px"></a>
                      <sa s_display="SHOWEDIT"></sa>
                      <e>
                        <onclick>
                          <list type="script" value="this.deleteItem(this.params.row.LINKINDEX)"></list>
                        </onclick>
                      </e>
                    </button>
                  </c>
                </icol>
              </c>
            </itable>
          </c>
        </div>
      </c>
    </div>
  </ctrls>
  <scripts>
    <script event="created">
      <list type="script">
        <value>
          <![CDATA[
          //var now = new Date();
          //this.t0 = Ysh.Time.toString(now, true, false);
          this.t1 = "SG_RPT_DSC_S_MONITORSYSTEM_EDIT";
          this.Search = function(){
            		this.t5 = Ysh.Time.formatString(Ysh.Time.toString(this.idate39, true, false), 111000) + " 00:00:00";
					      this.t6 = Ysh.Time.formatString(Ysh.Time.toString(this.idate39, true, false), 111000) + " 23:59:59";
                this.select_ds29();
          }
          ]]>
        </value>
      </list>
    </script>
    <script event="mounted">
      <list type="script">
        <value>
          <![CDATA[
            this.updatetxt = function(obj,colname,colvaluename){
              this.t2 = this.params.row.LINKINDEX;
              this.t3 = colname;
              this.t4 = this.params.row[colvaluename];
              this.invoke_dll_table();
              this.Search();
            }
            this.deleteItem = function(id){
              if(confirm('确定要删除该条记录吗？'))
              {
                this.t2 = id;
                this.invoke_dll_del();
                this.Search();
              }
            }
            this.Search();
          ]]>
        </value>
      </list>
    </script>
  </scripts>
</root>