﻿<?xml version="1.0" encoding="utf-8"?>
<root maxid="3" desc="空白页">
  <inits>
    <init id="decid" desc="设备Id" type="request" arg="id"></init>
    <init id="area0" desc="地区后缀" type="config" arg="AreaSuffix"></init>
  </inits>
  <consts>
    <const id="testlist" desc="" arg="2020-03-05,大修/年计划,#5797c8,15:15:30  档位调整：从4档至5档,timeLeft,93px,,../i/PDPImg/1.png,2019-02-16,例行试验/检查,#62aaa1,15:15:30  档位调整：从4档至5档,timeRight,93px,true,../i/PDPImg/2.png,2018-10-10,检查/年计划,#5797c8,15:15:30  档位调整：从4档至5档,timeLeft,93px,,../i/PDPImg/3.png,2018-08-17,巡检/年计划,#b569bc,15:15:30  档位调整：从4档至5档,timeLeft,93px,,../i/PDPImg/4.png,2018-04-29,增容变压器,#cb8a5a,15:15:30  档位调整：从4档至5档,timeRight,93px,true,../i/PDPImg/5.png" type="2d" length="8"></const>
    <const id="testlisttwo" desc="" arg="2019-01-15,全部,#5797c8,15:15:30  档位调整：从4档至5档,../i/PDPImg/6.png,2019-01-16,年计划：检查,#62aaa1,15:15:30  档位调整：从4档至5档,../i/PDPImg/9.png,2019-01-16,年计划：检查,#5797c8,15:15:30  档位调整：从4档至5档,../i/PDPImg/6.png,2019-01-17,年计划：大修,#b569bc,15:15:30  档位调整：从4档至5档,../i/PDPImg/8.png,2019-01-16,年计划：检查,#cb8a5a,15:15:30  档位调整：从4档至5档,../i/PDPImg/7.png" type="2d" length="5"></const>
  	<const id="timeLeftImg" desc="" arg="150" type="number"></const>
  	<const id="timeRightImg" desc="" arg="100" type="number"></const>
    <const id="timeWrapperWidth" desc="" arg="" type="string"></const>
    <const id="title" desc="标题" arg="" type="string"></const>
  	<const id="timeShowBoxWrapperWidth" desc="" arg="" type="string[]"></const>
  </consts>
  <datasources>
    <datasource id="ds0" desc="设备信息" db="PSGRAPH_DATA" type="simple">
      <sql>
        <![CDATA[
          select d.devicename,d.devicedesc,t.deptdesc as staname
          from tdevice{{1}} d
          left join tdepartment{{1}} t on d.ownerdepartidx=departidx 
          where d.devicestrid='{0}' 
        ]]>
      </sql>
      <cols>
        <col id="col0" desc="设备id" name="devicestrid" from="decid"></col>
        <col id="colarea" desc="地区后缀" name="area0" from="area0"></col>
        <col id="col1" desc="设备名称" name="devicename"></col>
        <col id="col2" desc="设备名称" name="devicedesc"></col>
        <col id="col3" desc="变电站" name="staname"></col>
      </cols>
    </datasource>
  </datasources>
  <ctrls>
  	<div id="div1" desc="根容器">
      <a s_height="100%" s_width="100%"></a>
      <c>
      	<div>
      		<a class="fcac" s_height="40px" s_border-bottom="1px solid #cfd4df" s_font-size="18px" s_background="#f3f5f7" s_color="#282828"></a>
      		<c>
      			<label>
              <sa value="this.title"></sa>
		        </label>
      		</c>
      	</div>
		    <div id="div0">
		      <a ref="div0" s_position="absolute" s_top="40px" s_bottom="0" s_z-index="0" s_background="#f3f5f7" s_width="100%" class="fcac" s_overflow="auto"></a>
		      <c>
            <div id="div4">
              <a ref="div4" s_display="none"></a>
              <c>
                <image>
                  <a src="/i/u4104.png" s_width="719px" s_height="794px"></a>
                </image>
              </c>
            </div>
		        <itimeline desc="时间轴" id="itimeline60">
		        	<a class="timeWrapper"></a>
		        	<sa s_width="timeWrapperWidth+'px'"></sa>
		          <c>
		            <loop desc="循环显示" id="loop61" from="testlist">
		              <c>
		                <itimelineitem desc="时间点" id="itimelineitem62">
		            			<a class="timeShowBoxWrapper"></a>
		            			<sa color="testlist_2" class="testlist_4" s_width="item_loop61[6] ? timeShowBoxWrapperWidth[0] + 'px' :timeShowBoxWrapperWidth[1] + 'px'"></sa>
		                  <c>
		                  	<div>
		                  		<a class="timeShowBox"></a>
		                  		<c>
		                  			<label desc="文字" id="label63" from="testlist_0">
				                      <a class="pdpLabel" value="文字"></a>
		            							<sa s_background="testlist_2"></sa>
				                    </label>
				                    <div>
				                    	<a class="timeitemline"></a>
		            							<sa s_background="testlist_2"></sa>
				                    </div>
				                    <label desc="文字" id="label64" from="testlist_1">
				                      <a class="pdpLabel" value="文字"></a>
				                    </label>
		                  		</c>
		                  	</div>
		                    <image>
		                    	<sa s_width="testlist_5" src="testlist_7"></sa>
		                    	<a s_height="79px"></a>
		                    </image>
		                  </c>
		                </itimelineitem>
		              </c>
		            </loop>
		          </c>
		        </itimeline>
		        <itimeline desc="时间轴" id="itimeline61">
		        	<a class="timeWrapperII"></a>
		          <c>
		            <loop desc="循环显示" id="loop62" from="testlisttwo">
		              <c>
		                <itimelineitem desc="时间点" id="itimelineitem63">
		            			<a class="timeShowBoxWrapperII" s_display="none"></a>
		            			<sa color="testlisttwo_2"></sa>
		                  <c>
		                  	<label desc="文字" id="label64" from="testlisttwo_0">
		                      <a class="pdpLabel" value="文字"></a>
		    									<sa s_background="testlisttwo_2"></sa>
		                    </label>
		                  	<div>
		                  		<a class="timeShowBoxII"></a>
		                  		<c>
				                    <label desc="文字" id="label65" from="testlisttwo_1">
				                      <a class="pdpLabel" value="文字"></a>
				                    </label>
				                    <div>
				                    	<a class="timeitemline"></a>
		            							<sa s_background="testlisttwo_2"></sa>
				                    </div>
		                  		</c>
		                  	</div>
		                    <image>
		                    	<sa src="testlisttwo_4"></sa>
		                    	<a s_width="30px" s_height="30px"></a>
		                    </image>
		                    <label desc="文字" id="label66" from="testlisttwo_3">
		                      <a class="pdpLabel" value="文字"></a>
		    									<sa s_color="testlisttwo_2"></sa>
		                    </label>
		                  </c>
		                </itimelineitem>
		              </c>
		            </loop>
		          </c>
		        </itimeline>
		      </c>
		    </div>
      </c>
  	</div>
  </ctrls>
  <scripts>
    <script event="created">
      <list type="select" ds="ds0"></list>
      <list type="script">
        <value>
          <![CDATA[
          	this.timeWrapperWidth = 213 + this.timeLeftImg + this.timeRightImg; 
          	this.timeShowBoxWrapperWidth[0] = 113 + this.timeRightImg; 
          	this.timeShowBoxWrapperWidth[1] = 113 + this.timeLeftImg; 
          ]]>
        </value>
      </list>
    </script>
    <script event="mounted">
    	<list type="script">
        <value>
          <![CDATA[
            this.title = this.col3 + this.col2 + "全寿命周期时间轴";
          	$(".timeWrapper .timeShowBoxWrapper .ivu-timeline-item-content").hover(function(){
          		var kuang = window.pdp.testlist[$(this).parent().index()][2];
          		$(this).append("<div class='timeShowBoxWrapperBorder'></div>");
          		if($(".timeWrapper .timeShowBoxWrapperBorder").length>0){
          			$(".timeWrapper .timeShowBoxWrapperBorder").css({"border-color": kuang})
          		}else{
          			$(parent.pdp.$refs.divTree).children(".timeWrapper").find(".timeShowBoxWrapperBorder").css({"border-color": kuang})
          		}
          	},function(){
          		$(this).children(".timeShowBoxWrapperBorder").remove();
          	})
          	
          	$(".timeWrapper .timeLeft .ivu-timeline-item-content").click(function(){
          			$(".timeWrapper .timeRight").width($(this).parent(".timeLeft").width()).css({"flex-direction":"row-reverse"});
          			$(".timeWrapper .timeShowBoxWrapper.timeRight .ivu-timeline-item-tail").css("left",window.pdp.timeShowBoxWrapperWidth[1] - 8+"px")
          			$(this).parents(".timeWrapper").width($(this).parent(".timeLeft").width());
          			timeToLeft("timeRight","flex-end");
          			timeToRight("timeRight","flex-end");
                
                $(window.pdp.$refs.div4).css({"display":""});
          	})
          	
          	$(".timeWrapper .timeRight .ivu-timeline-item-content").click(function(){
          			$(".timeWrapper .timeLeft").css({"flex-direction":"row"});
          			$(".timeWrapper .timeShowBoxWrapper.timeLeft .ivu-timeline-item-tail").css("left",5+"px")
          			$(this).parents(".timeWrapper").width($(this).parent(".timeRight").width());
          			timeToLeft("timeLeft","flex-start");
          			timeToRight("timeLeft","flex-start");
                
                $(window.pdp.$refs.div4).css({"display":""});
          	})
          	
          	function timeToLeft(half,se){
          			$(window.pdp.$refs.div0).css({"background":"#fff"});
          			$('.timeWrapper .'+half+' .ivu-timeline-item-content').hide();
          			$(".timeShowBoxWrapperBorder").remove();
          			$(parent.pdp.$refs.divTree).children(".treeWrapper").hide();
          			$(parent.pdp.$refs.divTree).children(".treeWrapper").prev().hide();
          			$(parent.pdp.$refs.divTree).css({"display":"flex","justify-content":se,"padding-right":"10px"}).append($(".timeWrapper"))
          			if($(parent.pdp.$refs.divTree).children(".timeFold").length == 0){
          				$(parent.pdp.$refs.divTree).append("<div class='timeFold'></div>")
          			}
          	}
          	
          	function timeToRight(half,se){
          			$(parent.pdp.$refs.divTree).children(".timeFold").click(function(){
                    $(window.pdp.$refs.div4).css({"display":"none"});
          					$(window.pdp.$refs.div0).css({"background":"#f3f5f7"});
          					$(parent.pdp.$refs.divTree).children(".timeFold").remove();
          					$(window.pdp.$refs.div0).prepend($(parent.pdp.$refs.divTree).children(".timeWrapper"));
          					$('.timeWrapper .'+half+' .ivu-timeline-item-content').show();
          					$(parent.pdp.$refs.divTree).children(".treeWrapper").show();
          					$(parent.pdp.$refs.divTree).children(".treeWrapper").prev().show();
          					$(parent.pdp.$refs.divTree).css({"display":"block","justify-content":se,"padding-right":"0"});
          					$(window.pdp.$refs.div0).children(".timeWrapper").width(window.pdp.timeWrapperWidth);
          					if(half == "timeRight"){
          						$(".timeWrapper .timeRight").width(window.pdp.timeShowBoxWrapperWidth[0]).css({"flex-direction":"row"});
          						$(".timeWrapper .timeShowBoxWrapper.timeRight .ivu-timeline-item-tail").css("left",5+"px")
          					}else{
          						$(".timeWrapper .timeLeft").css({"flex-direction":"row-reverse"});
          						$(".timeWrapper .timeShowBoxWrapper.timeLeft .ivu-timeline-item-tail").css("left",window.pdp.timeShowBoxWrapperWidth[1] - 8+"px")
          					}
		          	})
          	}
          	
          	$(".timeWrapper .timeShowBoxWrapper.timeLeft .ivu-timeline-item-tail").css("left",this.timeShowBoxWrapperWidth[1] - 8+"px")
          ]]>
        </value>
      </list>
    </script>
  </scripts>
</root>