﻿<?xml version="1.0" encoding="utf-8"?>
<root maxid="69" desc="空白页">
    <consts>
        <const id="var_user" desc="user" type="2d" length="2"></const>
        <const id="bind" desc="绑定" type="string" arg=""></const>
    </consts>
    <datasources>
        <datasource id="ds_add" desc="test" db="ConnMain" type="single" tbl="TBTOURLINE">
            <cols>
                <col id="col1" desc="ID" name="ID" from="bind"></col>
                <col id="col2" desc="线路名称" name="LINENAME"></col>
                <col id="col3" desc="要求汇报时间" name="REQUIREDREPORTTIME"></col>
                <col id="col4" desc="高调通知人" name="INFORMPERSON"></col>
                <col id="col5" desc="特巡接受人" name="RECEIVEPERSON"></col>
                <col id="col6" desc="通知时间" name="INFORMTIME"></col>
                <col id="col7" desc="特巡原因" name="REASON"></col>
                <col id="col8" desc="特巡结果" name="RESULT"></col>
                <col id="col9" desc="特巡汇报人" name="REPORTPERSON"></col>
                <col id="col10" desc="高调接受人" name="HIGHRECEIVEPERSON"></col>
                <col id="col11" desc="汇报时间" name="REPORTTIME"></col>
                <col id="col12" desc="汇报调度或领导及时间" name="REPORTDISPATCH"></col>
            </cols>
        </datasource>
        <datasource id="ds_user" desc="查询用户" db="APPUSER" type="simple">
            <sql>
                <![CDATA[
                SELECT USERNUM,USERNAME
                FROM appusertest.DBUSER
                ORDER BY USERNUM                
                ]]>
            </sql>
            <cols>
                <col id="col_data_usernum" desc="用户id" name="USERNUM"></col>
                <col id="col_data_username" desc="用户名" name="USERNAME"></col>
            </cols>
        </datasource>
    </datasources>
    <ctrls>
        <div id="div0" desc="根容器">
            <a s_height="100%" s_width="100%"></a>
            <c>
                <div id="div2" desc="容器">
                    <a class="pdpLayoutWrapper"></a>
                    <c>
                        <label id="label3" desc="文字">
                            <a value="线路特巡" class="pdpTitle"></a>
                        </label>
                        <div id="div4" desc="容器">
                            <c>
                                <table id="table5" desc="表格">
                                    <a class="pdpLayoutTable"></a>
                                    <c>
                                        <tr id="tr6" desc="表行"></tr>
                                        <tr id="tr8" desc="表行">
                                            <c>
                                                <td id="td9" desc="单元格">
                                                    <a s_width="12.5%"></a>
                                                    <c>
                                                        <label id="label17" desc="文字">
                                                            <a class="pdpLabel" value="线路名称"></a>
                                                        </label>
                                                    </c>
                                                </td>
                                                <td id="td10" desc="单元格">
                                                    <a s_width="12.5%"></a>
                                                    <c>
                                                        <text id="text18" desc="文本框" from="col2">
                                                            <a type="text" placeholder="请输入文字" class="pdpText" s_width="100%"></a>
                                                        </text>
                                                    </c>
                                                </td>
                                                <td id="td11" desc="单元格">
                                                    <a s_width="12.5%"></a>
                                                    <c>
                                                        <label id="label19" desc="文字">
                                                            <a class="pdpLabel" value="要求汇报时间"></a>
                                                        </label>
                                                    </c>
                                                </td>
                                                <td id="td12" desc="单元格">
                                                    <a s_width="12.5%"></a>
                                                    <c>
                                                        <idate id="time20" desc="时间" from="col3">
                                                            <a type="datetime" format="yyyy-MM-dd HH:mm"></a>
                                                        </idate>
                                                    </c>
                                                </td>
                                                <td id="td13" desc="单元格">
                                                    <a s_width="12.5%"></a>
                                                    <c>
                                                        <label id="label21" desc="文字">
                                                            <a class="pdpLabel" value="高调通知人"></a>
                                                        </label>
                                                    </c>
                                                </td>
                                                <td id="td14" desc="单元格">
                                                    <a s_width="12.5%"></a>
                                                    <c>
                                                        <text id="text22" desc="文本框" from="col4">
                                                            <a type="text" placeholder="请输入文字" class="pdpText" s_width="100%"></a>
                                                        </text>
                                                    </c>
                                                </td>
                                                <td id="td15" desc="单元格">
                                                    <a s_width="12.5%"></a>
                                                    <c>
                                                        <label id="label23" desc="文字">
                                                            <a class="pdpLabel" value="特巡接受人"></a>
                                                        </label>
                                                    </c>
                                                </td>
                                                <td id="td16" desc="单元格">
                                                    <a s_width="12.5%"></a>
                                                    <c>
                                                        <text id="text24" desc="文本框" from="col5">
                                                            <a type="text" placeholder="请输入文字" class="pdpText" s_width="100%"></a>
                                                        </text>
                                                    </c>
                                                </td>
                                            </c>
                                        </tr>
                                        <tr id="tr25" desc="表行">
                                            <c>
                                                <td id="td26" desc="单元格">
                                                    <c>
                                                        <label id="label34" desc="文字">
                                                            <a class="pdpLabel" value="通知时间"></a>
                                                        </label>
                                                    </c>
                                                </td>
                                                <td id="td27" desc="单元格">
                                                    <c>
                                                        <idate id="time35" desc="时间" from="col6">
                                                            <a type="datetime" format="yyyy-MM-dd HH:mm"></a>
                                                        </idate>
                                                    </c>
                                                </td>
                                                <td id="td28" desc="单元格"></td>
                                                <td id="td29" desc="单元格"></td>
                                                <td id="td30" desc="单元格"></td>
                                                <td id="td31" desc="单元格"></td>
                                                <td id="td32" desc="单元格"></td>
                                                <td id="td33" desc="单元格"></td>
                                            </c>
                                        </tr>
                                        <tr id="tr36" desc="表行">
                                            <c>
                                            	<td>
                                            		<a s_width="12.5%"></a>
                                            		<c>
                                            			<label id="label39" desc="文字">
                                                            <a class="pdpLabel" value="特巡原因"></a>
                                                        </label>
                                            		</c>
                                            	</td>
                                                <td>
                                                	<a colspan="7"></a>
                                            		<c>
                                            			<div id="div40" desc="容器">
                                                            <c>
                                                                <textarea id="textarea41" desc="多行文本" from="col7">
                                                                    <a s_width="100%" s_height="120px"></a>
                                                                </textarea>
                                                            </c>
                                                        </div>
                                            		</c>
                                            	</td>
                                            </c>
                                        </tr>
                                        <tr id="tr42" desc="表行">
                                            <c>
                                                <td id="td43" desc="单元格">
                                                    <a s_width="12.5%"></a>
                                                    <c>
                                                        <label id="label44" desc="文字">
                                                            <a class="pdpLabel" value="特巡结果"></a>
                                                        </label>
                                                    </c>
                                                </td>
                                                <td>
                                                    <a colspan="7"></a>
                                                    <c>
                                                        <div id="div45" desc="容器">
                                                            <c>
                                                                <textarea id="textarea46" desc="多行文本" from="col8">
                                                                    <a s_width="100%" s_height="120px"></a>
                                                                </textarea>
                                                            </c>
                                                        </div>
                                                    </c>
                                                </td>
                                            </c>
                                        </tr>
                                        <tr id="tr47" desc="表行">
                                            <c>
                                                <td id="td48" desc="单元格">
                                                    <c>
                                                        <label id="label56" desc="文字">
                                                            <a class="pdpLabel" value="特巡汇报人"></a>
                                                        </label>
                                                    </c>
                                                </td>
                                                <td id="td49" desc="单元格">
                                                    <c>
                                                        <text id="text57" desc="文本框" from="col9">
                                                            <a type="text" placeholder="请输入文字" class="pdpText"></a>
                                                        </text>
                                                    </c>
                                                </td>
                                                <td id="td50" desc="单元格">
                                                    <c>
                                                        <label id="label58" desc="文字">
                                                            <a class="pdpLabel" value="高调接受人"></a>
                                                        </label>
                                                    </c>
                                                </td>
                                                <td id="td51" desc="单元格">
                                                    <c>
                                                        <iselect id="select59" desc="下拉框" source="var_user" from="col10">
										                  <a class="pdpSelect"/>
										                </iselect>
                                                    </c>
                                                </td>
                                                <td id="td52" desc="单元格">
                                                    <c>
                                                        <label id="label60" desc="文字">
                                                            <a class="pdpLabel" value="汇报时间"></a>
                                                        </label>
                                                    </c>
                                                </td>
                                                <td id="td53" desc="单元格">
                                                    <c>
                                                        <idate id="time62" desc="时间" from="col11">
                                                            <a type="datetime" format="yyyy-MM-dd HH:mm"></a>
                                                        </idate>
                                                    </c>
                                                </td>
                                                <td id="td54" desc="单元格"></td>
                                                <td id="td55" desc="单元格"></td>
                                            </c>
                                        </tr>
                                        <tr id="tr63" desc="表行">
                                            <c>
                                                <td id="td64" desc="单元格">
                                                    <a s_width="12.5%"></a>
                                                    <c>
                                                        <label id="label65" desc="文字">
                                                            <a class="pdpLabel" value="汇报调度或领导及时间" s_vertical-align="top"></a>
                                                        </label>
                                                    </c>
                                                </td>
                                                <td id="td64" desc="单元格">
                                                    <a colspan="7"></a>
                                                    <c>
                                                        <textarea id="textarea66" desc="多行文本" from="col12">
                                                            <a s_vertical-align="top" s_width="100%" s_height="120px"></a>
                                                        </textarea>
                                                    </c>
                                                </td>
                                            </c>
                                        </tr>
                                        <tr>
                                        	<c>
                                        		<td>
                                        			<a colspan="8" s_text-align="center" s_padding-right="0"></a>
                                        			<c>
                                        				<div id="div_btn">
						                                    <c>
						                                        <button id="button107" desc="默认按钮">
						                                            <a type="button" value="保存" class="pdpBtnDefault"></a>
						                                            <e>
						                                                <onclick>
						                                                    <list type="script">
						                                                        <value><![CDATA[
						                                                                    this.insertData();
						                                                                    ]]>                                                        </value>
						                                                    </list>
						                                                    <list type="update" ds="ds_add"></list>
						
						                                                </onclick>
						                                            </e>
						                                        </button>
						                                    </c>
						                                </div>
                                        			</c>
                                        		</td>
                                        	</c>
                                        </tr>
                                    </c>
                                </table>
                            </c>
                        </div>
                    </c>
                </div>
            </c>
        </div>
    </ctrls>
    <scripts>
        <script event="created">
            <list type="script">
                <value><![CDATA[
                        this.select_ds_user();
                        var arr = new Array();
                        for(var i=0;i<this.ds_user.length;i++)
                        {
                            var o = new Array();
                            o.push(this.col_data_usernum[i],this.col_data_username[i]);
                            arr.push(o);
                            //console.log(arr);
                        }
                        //console.log(arr);
                        this.var_user = arr;
                    ]]>                </value>
            </list>
        </script>
        <script event="mounted">
            <list type="script">
                <value><![CDATA[
                        this.insertData = function(){  debugger                        
                            this.bind = "";
                        }
                    ]]>                </value>
            </list>
        </script>
    </scripts>
</root>