﻿<?xml version="1.0" encoding="utf-8"?>
<root maxid="30" desc="空白页">
    <consts>
        <const id="name" desc="线路名称" type="string"></const>
        <const id="t0" desc="时间" arg="mm,mm,0" type="time"></const>
        <const id="t1" desc="开始时间" type="string"></const>
        <const id="t2" desc="结束时间" type="string"></const>
        <const id="var_select" desc="选项" arg="0,全部" type="2d" length="2"></const>
    </consts>
    <datasources>
        <datasource id="ds_data" desc="数据查询" db="ConnMain" type="simple">
            <sql><![CDATA[
                SELECT LINENAME,REASON,REQUIREDREPORTTIME,INFORMPERSON,RECEIVEPERSON,INFORMTIME,RESULT,REPORTPERSON,REPORTTIME,REPORTDISPATCH
                FROM TBTOURLINE
                WHERE LINENAME={0} AND REQUIREDREPORTTIME BETWEEN to_date({1},'yyyy-mm-dd hh24:mi:ss') AND to_date({2},'yyyy-mm-dd hh24:mi:ss')
                ]]>            </sql>
            <cols>
                <col id="line" desc="line" name="line" from="name"></col>
                <col id="starttime" desc="starttime" name="starttime" from="t1"></col>
                <col id="endtime" desc="endtime" name="endtime" from="t2"></col>
                <col id="col_data_linename" desc="线路名称" name="LINENAME"></col>
                <col id="col_data_reason" desc="特巡原因" name="REASON"></col>
                <col id="col_data_requiredreporttime" desc="要求汇报时间" name="REQUIREDREPORTTIME"></col>
                <col id="col_data_informperson" desc="高调通知人" name="INFORMPERSON"></col>
                <col id="col_data_receiveperson" desc="特巡接受人" name="RECEIVEPERSON"></col>
                <col id="col_data_informtime" desc="通知时间" name="INFORMTIME"></col>
                <col id="col_data_result" desc="特巡结果" name="RESULT"></col>
                <col id="col_data_reportperson" desc="特巡汇报人" name="REPORTPERSON"></col>
                <col id="col_data_reporttime" desc="汇报时间" name="REPORTTIME"></col>
                <col id="col_data_reportdispatch" desc="汇报调度或领导及时间" name="REPORTDISPATCH"></col>
            </cols>
        </datasource>
    </datasources>
    <ctrls>
        <div id="div0" desc="根容器">
            <a s_height="100%" s_width="100%"></a>
            <c>
                <div id="div2" desc="容器">
                	<a class="pdpLayoutWrapper"></a>
                    <c>
                    	<div>
                    		<s padding="10px 0"></s>
                    		<c>
                    			<label id="label3" desc="文字">
		                            <a class="pdpLabel" value="线路名称" s_margin-right="10px" s_width="12.5%"></a>
		                        </label>
		                        <text id="text4" desc="文本框">
		                            <a type="text" placeholder="请输入文字" class="pdpText" s_width="12.5%"></a>
		                        </text>
		                        <label id="label5" desc="文字">
		                            <a class="pdpLabel" value="要求汇报时间" s_margin-left="30px" s_margin-right="5px"></a>
		                        </label>
		                        <label id="label6" desc="文字">
		                            <a class="pdpLabel" value="从" s_margin-right="10px"></a>
		                        </label>
		                        <idate id="time7" desc="时间">
		                            <a type="datetime" format="yyyy-MM-dd HH:mm"></a>
		                        </idate>
		                        <label id="label8" desc="文字">
		                            <a class="pdpLabel" value="至" s_margin-left="20px" s_margin-right="5px"></a>
		                        </label>
		                        <idate id="time9" desc="时间">
		                            <a type="datetime" format="yyyy-MM-dd HH:mm"></a>
		                        </idate>
		                        <label id="label10" desc="文字">
		                            <a class="pdpLabel" value="分类" s_margin-left="30px" s_margin-right="10px"></a>
		                        </label>
		                        <iselect id="select11" desc="下拉框" source="var_select">
		                            <a class="pdpSelect"></a>
		                        </iselect>
		                        <button id="button12" desc="默认按钮">
		                            <a type="button" value="搜索" class="pdpBtnDefault" s_margin-left="20px"></a>
		                            <e>
		                                <onclick>
		                                    <list type="script">
		                                        <value><![CDATA[
		                                                    this.search();
		                                                ]]>                                        </value>
		                                    </list>
		                                </onclick>
		                            </e>
		                        </button>
                    		</c>
                    	</div>
                        <table id="table5" desc="表格">
                    		<a s_padding="10px 0" class="pdpLayoutTable"></a>
                        	<c>
                        		<tr>
                        			<c>
                        				<td>
	                    					<a s_padding-right="0" s_text-align="center"></a>
                        					<c>
				                                <itable id="itable18" desc="iview表格" from="ds_data">
				                                    <sa stripe="true" highlight-row="true"></sa>
				                                    <e>
				                                        <on-row-click>
				                                            <list type="script">
				                                                <value><![CDATA[
				                                                                this.showModal();
				                                                            ]]>                                                </value>
				                                            </list>
				                                        </on-row-click>
				                                    </e>
				                                    <c>
				                                        <icol id="icol19" desc="iview表列" from="col_data_linename">
				                                            <a title="线路名称"></a>
				                                        </icol>
				                                        <icol id="icol20" desc="iview表列" from="col_data_reason">
				                                            <a title="特巡原因"></a>
				                                        </icol>
				                                        <icol id="icol21" desc="iview表列" from="col_data_requiredreporttime">
				                                            <a title="要求汇报时间"></a>
				                                        </icol>
				                                        <icol id="icol22" desc="iview表列" from="col_data_informperson">
				                                            <a title="高调通知人"></a>
				                                        </icol>
				                                        <icol id="icol23" desc="iview表列" from="col_data_receiveperson">
				                                            <a title="特巡接受人"></a>
				                                        </icol>
				                                        <icol id="icol24" desc="iview表列" from="col_data_informtime">
				                                            <a title="通知时间"></a>
				                                        </icol>
				                                        <icol id="icol25" desc="iview表列" from="col_data_result">
				                                            <a title="特巡结果"></a>
				                                        </icol>
				                                        <icol id="icol26" desc="iview表列" from="col_data_reportperson">
				                                            <a title="特巡汇报人"></a>
				                                        </icol>
				                                        <icol id="icol27" desc="iview表列" from="col_data_reporttime">
				                                            <a title="汇报时间"></a>
				                                        </icol>
				                                        <icol id="icol28" desc="iview表列" from="col_data_reportdispatch">
				                                            <a title="汇报调度或领导"></a>
				                                        </icol>
				                                    </c>
				                                </itable>
                        					</c>
                        				</td>
                        			</c>
                        		</tr>
                        	</c>
                        </table>
                    </c>
                </div>
            </c>
        </div>
    </ctrls>
    <scripts>
        <script event="created"></script>
        <script event="mounted">
            <list type="script">
                <value><![CDATA[
                            this.pageInit = function(){
                            var style = document.createElement("style");
                            style.type = "text/css";

                            style.appendChild(document.createTextNode(" .ivu-table th :hover{cursor:pointer;background-color:#D8ECEF} .ivu-table-row:hover{cursor:pointer;}  tr.ivu-table-row-highlight{ font-weight:bold;}"));

                            var head = document.getElementsByTagName("head")[0];
                            head.appendChild(style);
                            }
                            this.pageInit();

                            this.search = function(){
                                this.name = this.text4;
                                this.t1 = Ysh.Time.formatString(Ysh.Time.toString(this.time7, false, false), 111110);
                                this.t2 = Ysh.Time.formatString(Ysh.Time.toString(this.time9, false, false), 111110);
                                this.select_ds_data();
                                console.log(this.ds_data);
                            }

                            this.showModal = function(){
                                console.log(123);
                            }
                    ]]>                </value>
            </list>
        </script>
    </scripts>
</root>