<?xml version="1.0" encoding="utf-8"?>
<root maxid="6" desc="空白页">
  <consts>
    <const id="c0" desc="配置文件节点" arg="Config" type="string"></const>
    <const id="c1" desc="配置参数名称" type="string"></const>
    <const id="src0" desc="地图iframe地址" type="string"></const>
    <const id="src1" desc="左侧iframe地址" arg="day_infoview.html" type="string"></const>
    <const id="index1" desc="左侧iframe显示index" arg="0" type="number"></const>
    <const id="list1" desc="地址" arg="1,day_infoview.html,0,week_infoview.html,0,year_alarmview.html,0,year_alarmtypeview.html,0,year_bigdata.html" type="2d" length="2"></const>
    <const id="legc" desc="地图图例的颜色" type="string"></const>
    <const id="legc1_op" desc="图例一不透明度值" type="string"></const>
    <const id="legc2_op" desc="图例二不透明度值" type="string"></const>
    <const id="legc3_op" desc="图例三不透明度值" type="string"></const>
    <const id="w3" desc="左侧宽度" arg="1350px" type="string"></const>
    <const id="txt1" desc="右上角的文字" type="string"></const>
  </consts>
  <datasources>
  </datasources>
  <dlls>
    <dll id="dll_config" desc="获取配置参数" dllid="dkLib:dkLib.CommonOpe.GetConfig">
      <inputs>
        <input id="section" desc="文件节点" from="c0"></input>
        <input id="cfgname" desc="参数名称" from="c1"></input>
      </inputs>
      <outputs>
        <output id="cfgvalue" desc="参数值"></output>
      </outputs>
    </dll>
  </dlls>
  <ctrls>
    <div id="div0" desc="根容器">
      <a s_background="#14264b" s_height="100%" s_position="relative" s_width="100%"></a>
      <c>
        <div id="div3" desc="容器">
          <a class="iframeWrapper"></a>
          <c>
            <iframe id="iframe4" desc="内嵌窗口">
              <a class="pdpBigIframe"></a>
              <sa src="src1"></sa>
            </iframe>
            <iframe id="iframeGraph" desc="内嵌地图窗口">
              <a class="pdpSmallIframe" ref="iframeGraph" s_background="url(../../i/PDPImg/map.jpg) no-repeat" s_background-size="100% 100%"></a>
              <sa src="src0"></sa>
              <e>
                <onload>
                  <list type="script" value="this.setBackgroundColor();"></list>
                </onload>
              </e>
            </iframe>
          </c>
        </div>
        <div>
          <a class="togglePageBox"></a>
          <c>
            <loop desc="循环显示" id="loop61" from="list1">
              <c>
                <div id="divToggle">
                  <a class="togglePage"></a>
                  <c>
                    <image>
                      <sa src="'../../i/PDPImg/' + (item_loop61[0] == '1' ? 'select' : 'unselect') + '.png'"></sa>
                    </image>
                  </c>
                  <e>
                    <onclick args="index">
                      <list type="script" value="window.pdp.src1 = window.pdp.list1[index][1];window.pdp.list1[index][0] = 1;window.pdp.list1[window.pdp.index1][0] = 0;window.pdp.index1 = index;"></list>
                    </onclick>
                  </e>
                </div>
              </c>
            </loop>
          </c>
        </div>
      </c>
    </div>
  </ctrls>
  <scripts>
    <script event="created">
      <list type="script">
        <value>
          <![CDATA[					
					window.vm = this;
					window.hoverdivtoggle = function(){
						var hoverdiv = $(window.vm.$refs.div136);
					 	if(hoverdiv.hasClass("hoverIframe")){
							hoverdiv.hide().removeClass("hoverIframe");
						}else{
							hoverdiv.show().addClass("hoverIframe");
						}
					}
          
					  this.getConfig = function(cfgname){
					    this.c1 = cfgname;
					    window.vm.invoke_dll_config();
					    return this.cfgvalue;
					  }
					  this.p = function(s) {
					    return s < 10 ? '0' + s: s;
					  }
					  this.src0 = "../Grid/GlobalMap";
					  this.legc = this.getConfig("MapLegendColor");
					  this.legc1_op = this.getConfig("MapOpacity1");
					  this.legc2_op = this.getConfig("MapOpacity2");
					  this.legc3_op = this.getConfig("MapOpacity3");
					
					  this.ttt= "0";
          
					this.setBackgroundColor = function(){
					  //给地图的区域填充背景色
					  var color = this.legc.replace("#","0x"); //将#替换成0x
					  color = parseInt(color); //转换成16进制数值
					  var op1 = this.legc1_op;
					  var op2 = this.legc2_op;
					  var op3 = this.legc3_op;
					  var data = [];
					  var state = "";
					  var postdata = { eventType: "menuope", menuname: "SetBackgrundMapColorByRegionID", selstate: state, data: data};
					  var frmGraph = this.$refs.iframeGraph.contentWindow; //获取到对象
					  frmGraph.postMessage(postdata, "*"); //设置值
					}
          
					]]>
        </value>
      </list>
    </script>
    <script event="mounted">
      <list type="script">
        <value>
          <![CDATA[
						window.cur_size = window.innerHeight;
          
					]]>
        </value>
      </list>
    </script>
  </scripts>
</root>