<?xml version="1.0" encoding="utf-8"?>
<root maxid="57" desc="空白页">
	<consts>
    <const id="curday" desc="当前" arg="2018-08-01" type="string"></const>
  </consts>
	<datasources>
	</datasources>
	<ctrls>
		<div id="div0" desc="根容器">
			<a s_height="100%" s_position="relative" s_width="100%"></a>
			<c>
				<div>
					<a class="boxWrapper"></a>
					<c>
						<subfile id="file1" desc="周一检修计划">
						  <a file="/App_Data/design/week_repairplan" week="周一"></a>
						  <sa date="curday"></sa>
						</subfile>
						<div>
							<a class="spaceBox"></a>
						</div>
						<subfile id="file2" desc="周二检修计划">
						  <a file="/App_Data/design/week_repairplan" week="周二"></a>
						  <sa date="curday"></sa>
						</subfile>
						<subfile id="file3" desc="周三检修计划">
						  <a file="/App_Data/design/week_repairplan" week="周三"></a>
						  <sa date="curday"></sa>
						</subfile>
						<div>
							<a class="spaceBox"></a>
						</div>
						<subfile id="file4" desc="周四检修计划">
						  <a file="/App_Data/design/week_repairplan" week="周四"></a>
						  <sa date="curday"></sa>
						</subfile>
						<subfile id="file5" desc="周五检修计划">
						  <a file="/App_Data/design/week_repairplan" week="周五"></a>
						  <sa date="curday"></sa>
						</subfile>
						<subfile id="file6" desc="周六检修计划">
						  <a file="/App_Data/design/week_repairplan" week="周六"></a>
						  <sa date="curday"></sa>
						</subfile>
						<subfile id="file7" desc="周日检修计划">
						  <a file="/App_Data/design/week_repairplan" week="周日"></a>
						  <sa date="curday"></sa>
						</subfile>
					  </c>
				</div>
			</c>
		</div>
	</ctrls>
	<scripts>
		<script event="created">
			<list type="script">
				<value>
					<![CDATA[
					window.vm = this;
					window.initBox = function(){
					  $(".box").removeClass("bigFun");
					  $(".box").css({"margin":"12px 12px 0 0"});
					  $(".box").eq(0).css({"margin-top":"0"});
					  $(".box").eq(1).css({"margin-top":"0"});
					}
					$(document).ready(function(){
					})

					this.stationFlashing = function(arr, flashing){
					var frmGraph = parent.window.pdp.$refs.iframeGraph.contentWindow;
					if(flashing == 1)
					frmGraph.postMessage({eventType:"menuope",menuname:"ShaderGlowMeshForStation",selstate:1,data:{stationIDs:arr}}, "*");
					else
					frmGraph.postMessage({eventType:"menuope",menuname:"ShaderGlowMeshForStation",selstate:0,data:{}}, "*");
					}
					]]>
				</value>
			</list>
		</script>
	</scripts>
</root>