﻿<?xml version="1.0" encoding="utf-8"?>
<root maxid="22" desc="空白页">
  <consts>
    <const id="arg_starttime" desc="开始时间" type="string"></const>
    <const id="arg_endtime" desc="结束时间" type="string"></const>
    <const id="arg_deptperson" desc="专业联系人" type="string"></const>
  </consts>
  <datasources>
    <datasource id="ds_data" desc="查询" db="ConnMain" type="simple">
      <sql>
        <![CDATA[
                SELECT DEPTNAME,STARTTIME,ENDTIME,DEPTTYPE,DETAIL,DEPTPERSON,TOTAL,"COMPLETE","PERCENT",UNIT
                FROM TBWORKINFO
                WHERE STARTTIME=to_date({0},'yyyy-mm-dd hh24:mi:ss') AND ENDTIME=to_date({1},'yyyy-mm-dd hh24:mi:ss') AND DEPTPERSON={2}
                ]]>
      </sql>
      <cols>
        <col id="start_time" desc="开始时间" name="start_time" from="arg_starttime"></col>
        <col id="end_time" desc="结束时间" name="end_time" from="arg_endtime"></col>
        <col id="dept_person" desc="专业联系人" name="dept_person" from="arg_deptperson"></col>
        <col id="col_data_deptname" desc="专项名称" name="DEPTNAME"></col>
        <col id="col_data_starttime" desc="开始时间" name="STARTTIME"></col>
        <col id="col_data_endtime" desc="结束时间" name="ENDTIME"></col>
        <col id="col_data_depttype" desc="涉及专业工作类别" name="DEPTTYPE"></col>
        <col id="col_data_detail" desc="详情" name="DETAIL"></col>
        <col id="col_data_deptperson" desc="专业联系人" name="DEPTPERSON"></col>
        <col id="col_data_total" desc="总量" name="TOTAL"></col>
        <col id="col_data_complete" desc="完成量" name="COMPLETE"></col>
        <col id="col_data_percent" desc="完成百分比" name="PERCENT"></col>
        <col id="col_data_unit" desc="单位" name="UNIT"></col>
      </cols>
    </datasource>
  </datasources>
  <ctrls>
    <div id="div0" desc="根容器">
      <a s_height="100%" s_width="100%"></a>
      <c>
        <div id="div2" desc="容器">
          <a class="pdpLayoutWrapper"></a>
          <c>
            <label id="label2" desc="iview表列">
              <a value="专业重点工作内容" class="pdpTitle"></a>
            </label>
            <div id="div3" desc="容器">
              <a s_padding="10px 0" s_text-align="left" s_border-top="1px solid #394067"></a>
              <c>
                <label id="label4" desc="文字">
                  <a class="pdpLabel" value="开始时间："></a>
                </label>
                <idate id="time5" desc="时间">
                  <a type="datetime" format="yyyy-MM-dd HH:mm"></a>
                </idate>
                <label id="label6" desc="文字">
                  <a class="pdpLabel" value="结束时间：" s_margin-left="20px"></a>
                </label>
                <idate id="time7" desc="时间">
                  <a type="datetime" format="yyyy-MM-dd HH:mm"></a>
                </idate>
                <label id="label8" desc="文字">
                  <a class="pdpLabel" value="专业联系人：" s_margin-left="20px"></a>
                </label>
                <text id="text9" desc="文本框">
                  <a type="text" placeholder="请输入文字" class="pdpText"></a>
                </text>
                <button id="button10" desc="默认按钮">
                  <a type="button" value="查询" class="pdpBtnDefault" s_margin-left="20px"></a>
                  <e>
                    <onclick>
                      <list type="script">
                        <value>
                          <![CDATA[
                              this.searchData();
                          ]]>
                        </value>
                      </list>
                    </onclick>
                  </e>
                </button>
              </c>
            </div>
            <table id="table5" desc="表格">
              <a s_padding="10px 0" class="pdpLayoutTable"></a>
              <c>
                <tr>
                  <c>
                    <td>
                      <a s_padding-right="0" s_text-align="center"></a>
                      <c>
                        <itable id="itable12" desc="iview表格" from="ds_data">
                          <sa stripe="true"></sa>
                          <c>
                            <icol id="icol13" desc="专项名称" from="col_data_deptname"></icol>
                            <icol id="icol14" desc="开始时间" from="col_data_starttime"></icol>
                            <icol id="icol15" desc="结束时间" from="col_data_endtime"></icol>
                            <icol id="icol16" desc="涉及专业工作类别" from="col_data_depttype"></icol>
                            <icol id="icol17" desc="详情" from="col_data_detail"></icol>
                            <icol id="icol18" desc="专业联系人" from="col_data_deptperson"></icol>
                            <icol id="icol19" desc="总量" from="col_data_total"></icol>
                            <icol id="icol20" desc="完成量" from="col_data_complete"></icol>
                            <icol id="icol21" desc="完成百分比" from="col_data_percent"></icol>
                            <icol id="icol22" desc="单位" from="col_data_unit"></icol>
                          </c>
                        </itable>
                      </c>
                    </td>
                  </c>
                </tr>
              </c>
            </table>
          </c>
        </div>
      </c>
    </div>
  </ctrls>
  <scripts>
    <script event="created"></script>
    <script event="mounted">
      <list type="script">
        <value>
          <![CDATA[
                        this.searchData = function(){
                            this.arg_starttime = Ysh.Time.formatString(Ysh.Time.toString(this.time5, false, false), 111110);
                            this.arg_endtime = Ysh.Time.formatString(Ysh.Time.toString(this.time7, false, false), 111110);
                            this.arg_deptperson = this.text9;
                            this.select_ds_data();
                        }
                    ]]>
        </value>
      </list>
    </script>
  </scripts>
</root>