﻿<?xml version="1.0" encoding="utf-8"?>
<root maxid="52" desc="空白页">
    <consts>
        <const id="bind" desc="绑定" type="string"></const>
    </consts>
    <datasources>
        <datasource id="ds_add" desc="test" db="ConnMain" type="single" tbl="TBWORKINFO">
            <cols>
                <col id="col1" desc="ID" name="ID" from="bind"></col>
                <col id="col2" desc="专业名称" name="DEPTNAME"></col>
                <col id="col3" desc="开始时间" name="STARTTIME"></col>
                <col id="col4" desc="结束时间" name="ENDTIME"></col>
                <col id="col5" desc="涉及专业工作类别" name="DEPTTYPE"></col>
                <col id="col6" desc="详情" name="DETAIL"></col>
                <col id="col7" desc="专业联系人" name="DEPTPERSON"></col>
                <col id="col8" desc="总量" name="TOTAL"></col>
                <col id="col9" desc="完成量" name="COMPLETE"></col>
                <col id="col10" desc="完成百分比" name="PERCENT"></col>
                <col id="col11" desc="单位" name="UNIT"></col>
            </cols>
        </datasource>
    </datasources>
    <ctrls>
        <div id="div0" desc="根容器">
            <a s_height="100%" s_width="100%"></a>
            <c>
        	<div id="div2" desc="容器">
                <a class="pdpLayoutWrapper"></a>
            <c>
                <label id="label2" desc="文字">
                    <a value="请输入工作内容" class="pdpTitle"></a>
                </label>
                <div id="div3" desc="容器">
                    <c>
                        <table id="table4" desc="表格">
                            <a class="pdpLayoutTable"></a>
                            <c>
                                <tr id="tr5" desc="表行">
                                    <c>
                                        <td id="td6" desc="单元格">
                                        	<a s_width="15%"></a>
                                            <c>
                                                <label id="label32" desc="文字">
                                                    <a class="pdpLabel" value="专项名称："></a>
                                                </label>
                                            </c>
                                        </td>
                                        <td id="td14" desc="单元格">
                                        	<a s_width="15%"></a>
                                            <c>
                                                <text id="text42" desc="文本框" from="col2">
                                                    <a type="text" placeholder="请输入文字" class="pdpText" s_width="100%"></a>
                                                </text>
                                            </c>
                                        </td>
                                        <td id="td15" desc="单元格">
                                            <a s_width="15%"></a>
                                            <c>
                                                <label id="label33" desc="文字">
                                                    <a class="pdpLabel" value="开始时间："></a>
                                                </label>
                                            </c>
                                        </td>
                                        <td id="td16" desc="单元格">
                                            <a s_width="15%"></a>
                                            <c>
                                                <idate id="time43" desc="时间" from="col3">
                                                    <a type="datetime" format="yyyy-MM-dd HH:mm"></a>
                                                </idate>
                                            </c>
                                        </td>
                                        <td id="td17" desc="单元格">
                                            <a s_width="15%"></a>
                                            <c>
                                                <label id="label34" desc="文字">
                                                    <a class="pdpLabel" value="结束时间："></a>
                                                </label>
                                            </c>
                                        </td>
                                        <td id="td18" desc="单元格">
                                            <a s_width="20%"></a>
                                            <c>
                                                <idate id="time44" desc="时间" from="col4">
                                                    <a type="datetime" format="yyyy-MM-dd HH:mm"></a>
                                                </idate>
                                            </c>
                                        </td>
                                    </c>
                                </tr>
                                <tr id="tr8" desc="表行">
                                    <c>
                                        <td id="td19" desc="单元格">
                                            <c>
                                                <label id="label35" desc="文字">
                                                    <a class="pdpLabel">
                                                        <value><![CDATA[详情：]]></value>
                                                    </a>
                                                </label>
                                            </c>
                                        </td>
                                        <td>
                                        	<a colspan="5"></a>
                                            <c>
                                                <textarea id="textarea41" desc="文本框" from="col6">
                                                    <a s_width="100%" s_height="120px"></a>
                                                </textarea>
                                            </c>
                                        </td>
                                    </c>
                                </tr>
                                <tr id="tr11" desc="表行">
                                    <c>
                                        <td id="td20" desc="单元格">
                                            <c>
                                                <label id="label36" desc="文字">
                                                    <a class="pdpLabel" value="涉及专业工作类别："></a>
                                                </label>
                                            </c>
                                        </td>
                                        <td id="td21" desc="单元格">
                                            <c>
                                                <text id="text46" desc="文本框" from="col5">
                                                    <a type="text" placeholder="请输入文字" class="pdpText" s_width="80%"></a>
                                                </text>
                                            </c>
                                        </td>
                                        <td id="td22" desc="单元格">
                                            <c>
                                                <label id="label39" desc="文字">
                                                    <a class="pdpLabel" value="专业联系人："></a>
                                                </label>
                                            </c>
                                        </td>
                                        <td id="td23" desc="单元格">
                                            <c>
                                                <text id="text49" desc="文本框" from="col7">
                                                    <a type="text" placeholder="请输入文字" class="pdpText" s_width="80%"></a>
                                                </text>
                                            </c>
                                        </td>
                                        <td id="td24" desc="单元格">
                                            <c>
                                                <label id="label37" desc="文字">
                                                    <a class="pdpLabel" value="总量："></a>
                                                </label>
                                            </c>
                                        </td>
                                        <td id="td25" desc="单元格">
                                            <c>
                                                <text id="text47" desc="文本框" from="col8">
                                                    <a type="text" placeholder="请输入文字" class="pdpText" s_width="80%"></a>
                                                </text>
                                            </c>
                                        </td>
                                    </c>
                                </tr>
                                <tr id="tr13" desc="表行">
                                    <c>
                                    	<td id="td26" desc="单元格">
                                            <c>
                                                <label id="label40" desc="文字">
                                                    <a class="pdpLabel" value="完成量："></a>
                                                </label>
                                            </c>
                                        </td>
                                        <td id="td27" desc="单元格">
                                            <c>
                                                <text id="text50" desc="文本框" from="col9">
                                                    <a type="text" placeholder="请输入文字" class="pdpText" s_width="80%"></a>
                                                </text>
                                            </c>
                                        </td>
                                        <td id="td28" desc="单元格">
                                            <c>
                                                <label id="label38" desc="文字">
                                                    <a class="pdpLabel" value="完成百分比："></a>
                                                </label>
                                            </c>
                                        </td>
                                        <td id="td29" desc="单元格">
                                            <c>
                                                <text id="text48" desc="文本框" from="col10">
                                                    <a type="text" placeholder="请输入文字" class="pdpText" s_width="80%"></a>
                                                </text>
                                            </c>
                                        </td>
                                        <td id="td30" desc="单元格">
                                            <c>
                                                <label id="label41" desc="文字">
                                                    <a class="pdpLabel" value="单位："></a>
                                                </label>
                                            </c>
                                        </td>
                                        <td id="td31" desc="单元格">
                                            <c>
                                                <text id="text51" desc="文本框" from="col11">
                                                    <a type="text" placeholder="请输入文字" class="pdpText" s_width="80%"></a>
                                                </text>
                                            </c>
                                        </td>
                                    </c>
                                </tr>
                                <tr>
                                	<c>
                                		<td>
                                			<s padding="5px"></s>
                    						<a colspan="6" s_text-align="center"></a>
                    						<c>
                    							<button id="button107" desc="默认按钮">
						                            <a type="button" value="保存" class="pdpBtnDefault"></a>
						                            <e>
						                                <onclick>
						                                    <list type="script">
						                                        <value>
						                                        	<![CDATA[
						                                                this.insertData();
						                                                ]]>                                        
						                                        </value>
						                                    </list>
						                                    <list type="update" ds="ds_add"></list>
						                                </onclick>
						                            </e>
						                        </button>
                    						</c>
                                		</td>
                                	</c>
                                </tr>
                            </c>
                        </table>
                    </c>
                </div>
           			</c>
            	</div>
            </c>
        </div>
    </ctrls>
    <scripts>
        <script event="created"></script>
        <script event="mounted">
            <list type="script">
                <value><![CDATA[
                        this.insertData = function(){  debugger                        
                            this.bind = "";
                        }
                    ]]>                </value>
            </list>
        </script>
    </scripts>
</root>