<?xml version="1.0" encoding="utf-8"?>
<root maxid="57" desc="空白页">
	<consts>
    <const id="curday" desc="当前" arg="2018" type="string"></const>
  </consts>
  <datasources>
    <datasource id="ds354" desc="今年去年" db="MONITORSIGNAL" type="simple">
      <sql>
        <![CDATA[
          select ROWNUM AS RN, STANAME, SIGCOUNT from "MONITORSIGNAL"."V_ALARMTOP5SIG"
          WHERE to_char(STA_DAY, 'yyyy') = '2018' AND ALARMTYPE = ''
          ORDER BY SIGCOUNT
				]]>
      </sql>
      <cols>
        <col id="col355" desc="RN" name="RN"></col>
        <col id="col356" desc="STANAME" name="STANAME"></col>
        <col id="col357" desc="SIGCOUNT" name="SIGCOUNT"></col>
      </cols>
    </datasource>
    <datasource id="ds355" desc="今年去年" db="MONITORSIGNAL" type="simple">
      <sql>
        <![CDATA[
          SELECT ROWNUM AS RN, NAME AS STANAME, SIGCOUNT FROM (
          SELECT NAME, SUM(TOTAL) AS SIGCOUNT FROM JOINTSTATUS.SG_RPT_DSC_S_NOTRECOVERALARM
          GROUP BY NAME
          ORDER BY 2 DESC) A WHERE ROWNUM < 6
          ORDER BY 3
				]]>
      </sql>
      <cols>
        <col id="col355" desc="RN" name="RN"></col>
        <col id="col356" desc="STANAME" name="STANAME"></col>
        <col id="col357" desc="SIGCOUNT" name="SIGCOUNT"></col>
      </cols>
    </datasource>
  </datasources>
  <ctrls>
		<div id="div0" desc="根容器">
			<a s_height="100%" s_position="relative" s_width="100%"></a>
			<c>
				<div>
					<a class="boxWrapper"></a>
					<c>
            <subfile id="file1" desc="母线电压越限排行">
              <a file="/App_Data/design/charts_bigdata" ctitle="母线电压越限" ref="file1" flag="file1"></a>
              <sa data="ds354"></sa>
            </subfile>
						<div>
							<a class="spaceBox"></a>
						</div>
            <subfile id="file2" desc="设备油温越限排行">
              <a file="/App_Data/design/charts_bigdata" ctitle="设备油温越限" ref="file2" flag="file2"></a>
              <sa data="ds354"></sa>
            </subfile>
            <subfile id="file3" desc="变压器重过载情况排行">
              <a file="/App_Data/design/charts_bigdata" ctitle="变压器重过载情况" ref="file3" flag="file3"></a>
              <sa data="ds354"></sa>
            </subfile>
						<div>
							<a class="spaceBox"></a>
						</div>
            <subfile id="file4" desc="变压器档位异常排行">
              <a file="/App_Data/design/charts_bigdata" ctitle="变压器档位异常" ref="file4" flag="file4"></a>
              <sa data="ds354"></sa>
            </subfile>
            <subfile id="file5" desc="遥测不变化排行">
              <a file="/App_Data/design/charts_bigdata" ctitle="遥测不变化" ref="file5" flag="file5"></a>
              <sa data="ds354"></sa>
            </subfile>
            <subfile id="file6" desc="频发信息告警排行">
              <a file="/App_Data/design/charts_bigdata" ctitle="频发信息告警" ref="file6" flag="file6"></a>
              <sa data="ds354"></sa>
            </subfile>
            <subfile id="file7" desc="未复归告警信息排行">
              <a file="/App_Data/design/charts_bigdata" ctitle="未复归告警信息" ref="file7" flag="file7"></a>
              <sa data="ds355"></sa>
            </subfile>
            <subfile id="file8" desc="电网跳闸事件排行">
              <a file="/App_Data/design/charts_bigdata" ctitle="电网跳闸事件" ref="file8" flag="file8"></a>
              <sa data="ds354"></sa>
            </subfile>
          </c>
				</div>
			</c>
		</div>
	</ctrls>
	<scripts>
		<script event="created">
      <list type="select" ds="ds354"></list>
      <list type="select" ds="ds355"></list>
      <list type="script">
				<value>
					<![CDATA[
					window.vm = this;
					window.initBox = function(){
					  $(".box").removeClass("bigFun");
					  $(".box").css({"margin":"12px 12px 0 0"});
					  $(".box").eq(0).css({"margin-top":"0"});
					  $(".box").eq(1).css({"margin-top":"0"});
					}
					$(document).ready(function(){
					  $(".box").click(function(){
							return;
					    var chartid = $(this).attr("abc");
					    var fileid = $(this).attr("def");
					    var flashing = 0;

					    window.event? window.event.cancelBubble = true : event.stopPropagation();
					    if($(this).css("margin") == "0px"){
					      initBox();
					      window.vm.$refs[fileid].$refs[chartid].echart.resize({
					        width:"auto",
					        height:"auto"
					      });
					      flashing = 0;
					    }
              else{
					      $(this).addClass("bigFun");
					      $(".box").css({"margin":"0"});
					      window.vm.$refs[fileid].$refs[chartid].echart.resize({
					        width:"auto",
					        height:"auto"
					      });
					      flashing = 1;
					    }
					    if(this.getAttribute("colid")){
 					    }
					  })
					})

					this.stationFlashing = function(arr, flashing){
					var frmGraph = parent.window.pdp.$refs.iframeGraph.contentWindow;
					if(flashing == 1)
					frmGraph.postMessage({eventType:"menuope",menuname:"ShaderGlowMeshForStation",selstate:1,data:{stationIDs:arr}}, "*");
					else
					frmGraph.postMessage({eventType:"menuope",menuname:"ShaderGlowMeshForStation",selstate:0,data:{}}, "*");
					}
					]]>
				</value>
			</list>
		</script>
	</scripts>
</root>