<?xml version="1.0" encoding="utf-8"?>
<root maxid="57" desc="空白页">
	<consts>
    <const id="curday" desc="当前" arg="2018" type="string"></const>
  </consts>
	<datasources>
	</datasources>
	<ctrls>
		<div id="div0" desc="根容器">
			<a s_height="100%" s_position="relative" s_width="100%"></a>
			<c>
				<div>
					<a class="boxWrapper"></a>
					<c>
            <subfile id="file1" desc="年度事故告警趋势">
              <a file="/App_Data/design/charts_yearalarm" ref="file1" flag="file1"></a>
              <sa date="curday" warnlevel="1"></sa>
            </subfile>
						<div>
							<a class="spaceBox"></a>
						</div>
            <subfile id="file2" desc="年度异常告警趋势">
              <a file="/App_Data/design/charts_yearalarm" ref="file2" flag="file2"></a>
              <sa date="curday" warnlevel="2"></sa>
            </subfile>
            <subfile id="file3" desc="年度越限告警趋势">
              <a file="/App_Data/design/charts_yearalarm" ref="file3" flag="file3"></a>
              <sa date="curday" warnlevel="3"></sa>
            </subfile>
						<div>
							<a class="spaceBox"></a>
						</div>
            <subfile id="file4" desc="年度变位告警趋势">
              <a file="/App_Data/design/charts_yearalarm" ref="file4" flag="file4"></a>
              <sa date="curday" warnlevel="4"></sa>
            </subfile>
            <subfile id="file5" desc="年度告知告警趋势">
              <a file="/App_Data/design/charts_yearalarm" ref="file5" flag="file5"></a>
              <sa date="curday" warnlevel="5"></sa>
            </subfile>
          </c>
				</div>
			</c>
		</div>
	</ctrls>
	<scripts>
		<script event="created">
			<list type="script">
				<value>
					<![CDATA[
					window.vm = this;
					window.initBox = function(){
					  $(".box").removeClass("bigFun");
					  $(".box").css({"margin":"12px 12px 0 0"});
				      $(".box").eq(0).css({"margin-top":"0"});
				      $(".box").eq(1).css({"margin-top":"0"});
					}
					$(document).ready(function(){
					  $(".box").click(function(){
							return;
					    var chartid = $(this).attr("abc");
					    var fileid = $(this).attr("def")
					    var flashing = 0;

					    window.event? window.event.cancelBubble = true : event.stopPropagation();
					    if($(this).css("margin") == "0px"){
					      initBox();
					      window.vm.$refs[fileid].$refs[chartid].echart.resize({
					        width:"auto",
					        height:"auto"
					      });
					      flashing = 0;
					    }
              else{
					      $(this).addClass("bigFun");
					      $(".box").css({"margin":"0"});
					      window.vm.$refs[fileid].$refs[chartid].echart.resize({
					        width:"auto",
					        height:"auto"
					      });
					      flashing = 1;
					    }
					    if(this.getAttribute("colid")){
 					    }
					  })
					})

					this.stationFlashing = function(arr, flashing){
					var frmGraph = parent.window.pdp.$refs.iframeGraph.contentWindow;
					if(flashing == 1)
					frmGraph.postMessage({eventType:"menuope",menuname:"ShaderGlowMeshForStation",selstate:1,data:{stationIDs:arr}}, "*");
					else
					frmGraph.postMessage({eventType:"menuope",menuname:"ShaderGlowMeshForStation",selstate:0,data:{}}, "*");
					}
					]]>
				</value>
			</list>
		</script>
	</scripts>
</root>